adsorbate,surface,reaction energy (eV),site,S. designation
O,Ag6Au6,2.431486947,hollow|A_A_B|HCP,L1_o
O,Ag6Au6,2.272741312,hollow|A_A_B|FCC,L1_o
O,Ag6Au6,2.339808257,hollow|A_B_B|HCP,L1_o
O,Ag6Au6,2.171728301,hollow|A_B_B|FCC,L1_o
O,Ag6Cd6,1.246558937,hollow|A_B_B|FCC,L1_o
O,Ag6Co6,1.001724919,top|B,L1_o
O,Ag6Co6,-0.223120967,bridge|B_B|A,L1_o
O,Ag6Co6,0.775951931,hollow-tilt|A_A_B|FCC,L1_o
O,Ag6Co6,0.805714382,hollow-tilt|A_A_B|HCP,L1_o
O,Ag6Cu6,3.530969579,top|A,L1_o
O,Ag6Cu6,0.844416181,bridge|B_B|A,L1_o
O,Ag6Cu6,1.639051312,hollow|A_A_B|HCP,L1_o
O,Ag6Cu6,1.516266065,hollow|A_A_B|FCC,L1_o
O,Ag6Fe6,-0.523344981,bridge|B_B|A,L1_o
O,Ag6Fe6,0.400401908,hollow-tilt|A_A_B|FCC,L1_o
O,Ag6Fe6,0.481627753,hollow-tilt|A_A_B|HCP,L1_o
O,Ag6Hf6,-1.134414021,top|B,L1_o
O,Ag6Hf6,-2.99713733,bridge|A_A|B,L1_o
O,Ag6Hf6,-2.997226176,bridge|B_B|A,L1_o
O,Ag6Hf6,-1.423310209,bridge-tilt|A_B|A,L1_o
O,Ag6Hf6,-1.219288505,hollow-tilt|A_A_B|FCC,L1_o
O,Ag6Ir6,0.507282373,bridge|B_B|A,L1_o
O,Ag6Ir6,0.40542268,hollow|A_B_B|FCC,L1_o
O,Ag6Ir6,1.212680492,hollow-tilt|A_A_B|HCP,L1_o
O,Ag6La6,-0.931313831,top|B,L1_o
O,Ag6La6,-2.912099171,bridge|B_B|A,L1_o
O,Ag6Mn6,0.96435158,bridge|B_B|A,L1_o
O,Ag6Mo6,-0.888006641,top|B,L1_o
O,Ag6Mo6,-1.436209357,bridge|B_B|B,L1_o
O,Ag6Mo6,-1.454437175,bridge|B_B|A,L1_o
O,Ag6Mo6,-1.431986967,bridge-tilt|B_B|A,L1_o
O,Ag6Nb6,-1.144779382,top|B,L1_o
O,Ag6Nb6,-1.91167414,bridge|A_A|B,L1_o
O,Ag6Nb6,-1.912962191,bridge|B_B|A,L1_o
O,Ag6Nb6,-1.104305033,top-tilt|A,L1_o
O,Ag6Ni6,0.203387543,bridge|B_B|A,L1_o
O,Ag6Ni6,1.214890465,hollow-tilt|A_A_B|FCC,L1_o
O,Ag6Pd6,2.66695712,top|B,L1_o
O,Ag6Pd6,1.684438676,bridge|B_B|A,L1_o
O,Ag6Pd6,2.103357386,hollow|A_A_B|HCP,L1_o
O,Ag6Pd6,1.956787485,hollow|A_A_B|FCC,L1_o
O,Ag6Pd6,1.581738015,hollow|A_B_B|HCP,L1_o
O,Ag6Pd6,1.575832873,hollow|A_B_B|FCC,L1_o
O,Ag6Pt6,2.310644049,top|B,L1_o
O,Ag6Pt6,2.078359785,hollow|A_A_B|HCP,L1_o
O,Ag6Pt6,1.845480135,hollow|A_A_B|FCC,L1_o
O,Ag6Pt6,1.267181493,hollow|A_B_B|HCP,L1_o
O,Ag6Pt6,1.338576953,hollow|A_B_B|FCC,L1_o
O,Ag6Re6,-0.496411289,top|B,L1_o
O,Ag6Re6,-1.01023283,bridge|B_B|B,L1_o
O,Ag6Rh6,0.612177904,bridge|B_B|A,L1_o
O,Ag6Rh6,1.549536608,hollow|A_A_B|FCC,L1_o
O,Ag6Rh6,0.523464711,hollow|A_B_B|FCC,L1_o
O,Ag6Rh6,1.345236803,hollow-tilt|A_A_B|HCP,L1_o
O,Ag6Ru6,0.274504087,bridge|B_B|B,L1_o
O,Ag6Ru6,0.082503011,hollow|A_B_B|FCC,L1_o
O,Ag6Sc6,-3.026763317,bridge|A_A|B,L1_o
O,Ag6Sc6,-3.028793694,bridge|B_B|A,L1_o
O,Ag6Ta6,-2.283985328,bridge|A_A|B,L1_o
O,Ag6Ta6,-2.283868999,bridge|B_B|A,L1_o
O,Ag6Ta6,-1.323366606,top-tilt|B,L1_o
O,Ag6Ti6,-2.648170789,bridge|B_B|A,L1_o
O,Ag6Ti6,-1.307117192,hollow-tilt|A_A_B|FCC,L1_o
O,Ag6V6,-1.107157603,top|B,L1_o
O,Ag6V6,-2.031020684,bridge|B_B|B,L1_o
O,Ag6V6,-2.036006218,bridge|B_B|A,L1_o
O,Ag6V6,-1.102376835,top-tilt|B,L1_o
O,Ag6W6,-1.156093331,top|A,L1_o
O,Ag6W6,-1.169014793,top|B,L1_o
O,Ag6W6,-1.746280083,bridge|B_B|B,L1_o
O,Ag6W6,-1.742035652,bridge|A_A|B,L1_o
O,Ag6W6,-1.757145997,bridge|B_B|A,L1_o
O,Ag6Y6,1.879304702,top|A,L1_o
O,Ag6Y6,-0.433011894,top|B,L1_o
O,Ag6Y6,-2.968361564,bridge|A_A|B,L1_o
O,Ag6Y6,-2.968642658,bridge|B_B|A,L1_o
O,Ag6Zn6,0.507622788,bridge|B_B|A,L1_o
O,Ag6Zr6,-2.650263344,bridge|A_A|B,L1_o
O,Ag6Zr6,-2.649893541,bridge|B_B|A,L1_o
O,Ag6Zr6,-1.279304028,bridge|A_B|A,L1_o
O,Ag6Zr6,-1.186021091,hollow-tilt|A_A_B|FCC,L1_o
O,Al6Au6,0.417995428,hollow|A_B_B|FCC,L1_o
O,Al6Au6,0.450406091,hollow-tilt|A_B_B|FCC,L1_o
O,Au6Cd6,1.696638083,hollow|A_A_B|HCP,L1_o
O,Au6Cd6,1.688520519,hollow|A_A_B|FCC,L1_o
O,Au6Cd6,1.460941784,hollow|A_B_B|HCP,L1_o
O,Au6Cd6,1.437884218,hollow|A_B_B|FCC,L1_o
O,Au6Co6,1.327002455,top|B,L1_o
O,Au6Co6,0.368093424,bridge|B_B|A,L1_o
O,Au6Co6,1.357766285,top-tilt|B,L1_o
O,Au6Co6,1.289035091,hollow-tilt|A_A_B|FCC,L1_o
O,Au6Cr6,-0.394555814,bridge|B_B|A,L1_o
O,Au6Cu6,2.075916746,hollow|A_A_B|HCP,L1_o
O,Au6Cu6,1.922733798,hollow|A_A_B|FCC,L1_o
O,Au6Cu6,1.463114069,hollow|A_B_B|HCP,L1_o
O,Au6Cu6,1.365880039,hollow|A_B_B|FCC,L1_o
O,Au6Fe6,1.011918303,top|B,L1_o
O,Au6Fe6,0.027534519,bridge|B_B|A,L1_o
O,Au6Fe6,0.942270358,hollow-tilt|A_A_B|FCC,L1_o
O,Au6Hf6,-1.054402621,top|B,L1_o
O,Au6Hf6,-3.022896715,bridge|B_B|A,L1_o
O,Au6Hg6,2.174596653,hollow|A_B_B|HCP,L1_o
O,Au6Ir6,1.581751213,top|B,L1_o
O,Au6La6,-0.716519139,top|B,L1_o
O,Au6La6,-2.642799261,bridge|B_B|A,L1_o
O,Au6Mo6,-0.90069735,top|B,L1_o
O,Au6Mo6,-1.197254223,bridge|B_B|A,L1_o
O,Au6Nb6,-1.078818035,top|B,L1_o
O,Au6Nb6,-1.781963051,bridge|B_B|A,L1_o
O,Au6Ni6,0.737789598,bridge|B_B|A,L1_o
O,Au6Ni6,1.573821407,hollow|A_A_B|FCC,L1_o
O,Au6Pd6,2.426776929,hollow|A_A_B|HCP,L1_o
O,Au6Pd6,2.198265115,hollow|A_A_B|FCC,L1_o
O,Au6Pd6,2.020223343,hollow|A_B_B|HCP,L1_o
O,Au6Pd6,1.870309979,hollow|A_B_B|FCC,L1_o
O,Au6Pt6,2.422497122,hollow|A_A_B|HCP,L1_o
O,Au6Pt6,2.106341659,hollow|A_A_B|FCC,L1_o
O,Au6Pt6,1.774545364,hollow|A_B_B|HCP,L1_o
O,Au6Pt6,1.678456389,hollow|A_B_B|FCC,L1_o
O,Au6Re6,0.619271912,top|B,L1_o
O,Au6Rh6,1.866344328,hollow|A_A_B|FCC,L1_o
O,Au6Rh6,0.866565159,hollow|A_B_B|FCC,L1_o
O,Au6Rh6,1.81761391,hollow-tilt|A_A_B|HCP,L1_o
O,Au6Ru6,1.649569737,top|B,L1_o
O,Au6Ru6,1.649216261,top-tilt|B,L1_o
O,Au6Sc6,-2.668980694,bridge|B_B|A,L1_o
O,Au6Sc6,-0.550737049,hollow-tilt|A_A_B|FCC,L1_o
O,Au6Ta6,-1.215210743,top|B,L1_o
O,Au6Ta6,-2.086712863,bridge|B_B|A,L1_o
O,Au6Tc6,1.013833441,top|B,L1_o
O,Au6Ti6,-1.09895269,top|B,L1_o
O,Au6Ti6,-2.475922593,bridge|B_B|A,L1_o
O,Au6V6,-0.997681307,top|B,L1_o
O,Au6V6,-1.79231467,bridge|B_B|A,L1_o
O,Au6W6,-1.206209761,top|B,L1_o
O,Au6W6,-1.470756114,bridge|B_B|A,L1_o
O,Au6Y6,2.051169353,top|A,L1_o
O,Au6Y6,-0.194579626,top|B,L1_o
O,Au6Y6,-2.668131563,bridge|B_B|A,L1_o
O,Au6Y6,-0.264507304,hollow|A_A_B|HCP,L1_o
O,Au6Zn6,1.583280901,hollow|A_A_B|FCC,L1_o
O,Au6Zr6,-1.029638221,top|B,L1_o
O,Au6Zr6,-2.61585142,bridge|B_B|A,L1_o
O,Bi6Re6,-0.712971727,top|B,L1_o
O,Bi6Rh6,1.301986213,bridge|B_B|A,L1_o
O,Bi6Rh6,1.462970665,hollow-tilt|A_A_B|FCC,L1_o
O,Bi6Ru6,2.071056657,bridge|A_A|B,L1_o
O,Bi6Ru6,0.954816303,bridge|B_B|A,L1_o
O,Bi6Ru6,1.136508346,top-tilt|B,L1_o
O,Cd6Cu6,0.515538987,bridge|B_B|A,L1_o
O,Cd6Cu6,0.993836339,hollow|A_A_B|FCC,L1_o
O,Cd6Fe6,0.255223052,hollow-tilt|A_A_B|FCC,L1_o
O,Cd6Fe6,0.292584827,hollow-tilt|A_A_B|HCP,L1_o
O,Cd6Hf6,-3.057821302,bridge|B_B|A,L1_o
O,Cd6Hf6,-1.216663831,hollow|A_A_B|FCC,L1_o
O,Cd6Hf6,-1.335537849,hollow-tilt|A_A_B|HCP,L1_o
O,Cd6Hg6,1.253113887,hollow|A_A_B|FCC,L1_o
O,Cd6Ir6,0.653885609,bridge|B_B|A,L1_o
O,Cd6Ir6,1.347396707,hollow|A_A_B|FCC,L1_o
O,Cd6Ir6,0.610801961,hollow|A_B_B|HCP,L1_o
O,Cd6La6,-0.795606714,top|B,L1_o
O,Cd6La6,-2.799056688,bridge|B_B|A,L1_o
O,Cd6Mn6,-0.203148899,bridge|B_B|A,L1_o
O,Cd6Mn6,0.683898677,hollow|A_A_B|FCC,L1_o
O,Cd6Mn6,0.790535328,hollow-tilt|A_A_B|HCP,L1_o
O,Cd6Mo6,-0.662429711,top|A,L1_o
O,Cd6Mo6,-1.133030867,bridge|A_A|A,L1_o
O,Cd6Mo6,-0.665241191,top|B,L1_o
O,Cd6Mo6,-1.130750281,bridge|B_B|B,L1_o
O,Cd6Mo6,-1.130923889,bridge|A_A|B,L1_o
O,Cd6Mo6,-1.130918719,bridge|B_B|A,L1_o
O,Cd6Nb6,-1.103902985,top|B,L1_o
O,Cd6Nb6,-1.934480681,bridge|B_B|B,L1_o
O,Cd6Nb6,-1.934436598,bridge|A_A|B,L1_o
O,Cd6Nb6,-1.934807762,bridge|B_B|A,L1_o
O,Cd6Nb6,-1.090510903,top-tilt|A,L1_o
O,Cd6Ni6,0.387133365,bridge|B_B|A,L1_o
O,Cd6Ni6,0.905952413,hollow|A_A_B|FCC,L1_o
O,Cd6Pd6,1.471312042,hollow|A_A_B|FCC,L1_o
O,Cd6Pd6,1.744658965,hollow|A_B_B|HCP,L1_o
O,Cd6Pd6,1.755822979,hollow|A_B_B|FCC,L1_o
O,Cd6Pt6,1.829835086,hollow|A_A_B|HCP,L1_o
O,Cd6Pt6,1.4217012,hollow|A_A_B|FCC,L1_o
O,Cd6Pt6,1.685431483,hollow|A_B_B|HCP,L1_o
O,Cd6Pt6,1.652899457,hollow|A_B_B|FCC,L1_o
O,Cd6Re6,-0.204865257,top|B,L1_o
O,Cd6Rh6,0.755444072,bridge|B_B|A,L1_o
O,Cd6Rh6,1.417697589,bridge|A_B|A,L1_o
O,Cd6Rh6,1.235581049,hollow|A_A_B|FCC,L1_o
O,Cd6Rh6,0.721732024,hollow|A_B_B|HCP,L1_o
O,Cd6Rh6,1.637444072,4fold|A_A_B_B,L1_o
O,Cd6Sc6,-2.971840404,bridge|B_B|A,L1_o
O,Cd6Ta6,-1.224046007,top|B,L1_o
O,Cd6Ta6,-2.286633132,bridge|A_A|B,L1_o
O,Cd6Ta6,-2.289746114,bridge|B_B|A,L1_o
O,Cd6Ta6,-1.326918099,top-tilt|B,L1_o
O,Cd6Tc6,0.481163526,top|B,L1_o
O,Cd6Tc6,0.435261459,bridge-tilt|A_B|A,L1_o
O,Cd6Tc6,0.39931182,bridge-tilt|B_B|B,L1_o
O,Cd6Ti6,-2.739338449,bridge|B_B|A,L1_o
O,Cd6Ti6,-1.179526278,hollow-tilt|A_A_B|FCC,L1_o
O,Cd6Ti6,-1.283942072,hollow-tilt|A_A_B|HCP,L1_o
O,Cd6V6,-2.011007936,bridge|B_B|B,L1_o
O,Cd6V6,-2.006093968,bridge|B_B|A,L1_o
O,Cd6V6,-0.986876211,top-tilt|B,L1_o
O,Cd6V6,-0.777885708,hollow-tilt|A_A_B|FCC,L1_o
O,Cd6W6,-1.071517629,top|B,L1_o
O,Cd6W6,-1.470453931,bridge|B_B|B,L1_o
O,Cd6W6,-1.462704946,bridge|B_B|A,L1_o
O,Cd6Y6,-0.212418593,top|B,L1_o
O,Cd6Y6,-2.826294739,bridge|A_A|B,L1_o
O,Cd6Y6,-2.8302076,bridge|B_B|A,L1_o
O,Cd6Y6,-1.102929498,bridge|A_B|B,L1_o
O,Cd6Y6,-1.548277673,4fold|A_A_B_B,L1_o
O,Cd6Zn6,0.482898796,hollow|A_A_B|HCP,L1_o
O,Cd6Zn6,0.607710611,hollow|A_A_B|FCC,L1_o
O,Cd6Zn6,0.134888054,hollow|A_B_B|HCP,L1_o
O,Cd6Zn6,0.326952805,hollow|A_B_B|FCC,L1_o
O,Cd6Zr6,-2.738200741,bridge|B_B|A,L1_o
O,Cd6Zr6,-0.006902031,bridge|A_B|A,L1_o
O,Cd6Zr6,-1.125139701,hollow|A_A_B|FCC,L1_o
O,Cd6Zr6,-1.178505987,hollow-tilt|A_A_B|HCP,L1_o
O,Co6Cr6,-1.052053734,hollow|A_A_B|FCC,L1_o
O,Co6Cr6,-1.63317964,hollow|A_B_B|FCC,L1_o
O,Co6Cu6,0.062586591,bridge|A_A|B,L1_o
O,Co6Cu6,-0.079230978,hollow|A_A_B|HCP,L1_o
O,Co6Cu6,-0.097794856,hollow|A_A_B|FCC,L1_o
O,Co6Cu6,0.513194183,hollow|A_B_B|HCP,L1_o
O,Co6Cu6,0.423933905,hollow|A_B_B|FCC,L1_o
O,Co6Fe6,1.174589589,hollow|A_B_B|HCP,L1_o
O,Co6Fe6,1.080796439,4fold|A_A_B_B,L1_o
O,Co6Hf6,-2.702924719,hollow|A_B_B|FCC,L1_o
O,Co6Hf6,-1.766781004,4fold|A_A_B_B,L1_o
O,Co6Hg6,1.065374795,top|A,L1_o
O,Co6Hg6,3.657370267,top|B,L1_o
O,Co6Hg6,1.080803377,top-tilt|A,L1_o
O,Co6Ir6,1.358237858,top|B,L1_o
O,Co6Ir6,0.374171766,hollow|A_A_B|HCP,L1_o
O,Co6Ir6,0.353940647,hollow|A_A_B|FCC,L1_o
O,Co6Ir6,0.290400977,hollow|A_B_B|HCP,L1_o
O,Co6Ir6,0.367625252,hollow|A_B_B|FCC,L1_o
O,Co6La6,-1.707129705,bridge|B_B|A,L1_o
O,Co6La6,-1.999080914,hollow|A_B_B|FCC,L1_o
O,Co6La6,-1.935813222,4fold|A_A_B_B,L1_o
O,Co6Mo6,-0.963782318,hollow|A_A_B|HCP,L1_o
O,Co6Mo6,-0.773796653,hollow|A_A_B|FCC,L1_o
O,Co6Mo6,-1.365285334,hollow|A_B_B|FCC,L1_o
O,Co6Ni6,-0.032668627,hollow|A_A_B|HCP,L1_o
O,Co6Ni6,-0.073014946,hollow|A_A_B|FCC,L1_o
O,Co6Ni6,0.181381153,hollow|A_B_B|HCP,L1_o
O,Co6Ni6,0.183127715,hollow|A_B_B|FCC,L1_o
O,Co6Os6,1.652553737,top|A,L1_o
O,Co6Os6,0.42683491,top|B,L1_o
O,Co6Os6,-0.017137185,hollow|A_A_B|HCP,L1_o
O,Co6Os6,0.215091295,hollow|A_A_B|FCC,L1_o
O,Co6Os6,-0.380181265,hollow|A_B_B|HCP,L1_o
O,Co6Os6,-0.334788731,hollow|A_B_B|FCC,L1_o
O,Co6Pd6,1.212888115,top|A,L1_o
O,Co6Pd6,0.175269884,hollow|A_A_B|HCP,L1_o
O,Co6Pd6,0.158548625,hollow|A_A_B|FCC,L1_o
O,Co6Pd6,0.871470963,hollow|A_B_B|HCP,L1_o
O,Co6Pd6,0.84923314,hollow|A_B_B|FCC,L1_o
O,Co6Pt6,1.49989039,top|A,L1_o
O,Co6Pt6,0.624480715,hollow|A_A_B|HCP,L1_o
O,Co6Pt6,0.425774074,hollow|A_A_B|FCC,L1_o
O,Co6Pt6,1.085054476,hollow|A_B_B|HCP,L1_o
O,Co6Pt6,1.147464873,hollow|A_B_B|FCC,L1_o
O,Co6Re6,-0.482876483,top|B,L1_o
O,Co6Re6,-0.461726299,hollow|A_A_B|HCP,L1_o
O,Co6Re6,-0.194360711,hollow|A_A_B|FCC,L1_o
O,Co6Re6,-1.164200146,hollow|A_B_B|HCP,L1_o
O,Co6Re6,-0.920002603,hollow|A_B_B|FCC,L1_o
O,Co6Rh6,1.285948912,top|A,L1_o
O,Co6Rh6,0.091649437,hollow|A_A_B|HCP,L1_o
O,Co6Rh6,0.163127484,hollow|A_A_B|FCC,L1_o
O,Co6Rh6,0.224054181,hollow|A_B_B|HCP,L1_o
O,Co6Rh6,0.317961483,hollow|A_B_B|FCC,L1_o
O,Co6Ru6,-0.198616163,hollow|A_A_B|HCP,L1_o
O,Co6Ru6,0.044027747,hollow|A_A_B|FCC,L1_o
O,Co6Ru6,-0.363146258,hollow|A_B_B|HCP,L1_o
O,Co6Ru6,-0.298040709,hollow|A_B_B|FCC,L1_o
O,Co6Sc6,0.050415347,top|A,L1_o
O,Co6Sc6,0.050415347,top|A,L1_o
O,Co6Sc6,0.050415347,top|A,L1_o
O,Co6Sc6,0.604218574,top|B,L1_o
O,Co6Sc6,0.604218574,top|B,L1_o
O,Co6Sc6,0.604218574,top|B,L1_o
O,Co6Sc6,-1.810907664,bridge|B_B|A,L1_o
O,Co6Sc6,-1.810907664,bridge|B_B|A,L1_o
O,Co6Sc6,-1.810907664,bridge|B_B|A,L1_o
O,Co6Sc6,-2.176317229,hollow|A_B_B|FCC,L1_o
O,Co6Sc6,-2.176317229,hollow|A_B_B|FCC,L1_o
O,Co6Sc6,-2.176317229,hollow|A_B_B|FCC,L1_o
O,Co6Sc6,-2.28698824,4fold|A_A_B_B,L1_o
O,Co6Sc6,-2.28698824,4fold|A_A_B_B,L1_o
O,Co6Sc6,-2.28698824,4fold|A_A_B_B,L1_o
O,Co6Sn6,1.558579495,top|A,L1_o
O,Co6Sn6,2.565367228,top|B,L1_o
O,Co6Sn6,0.995432287,bridge|A_A|B,L1_o
O,Co6Sn6,1.524768262,bridge|B_B|A,L1_o
O,Co6Sn6,0.962880533,hollow|A_B_B|FCC,L1_o
O,Co6Ti6,0.766308897,top|A,L1_o
O,Co6Ti6,-0.566314749,top|B,L1_o
O,Co6Ti6,-2.233408073,bridge|B_B|A,L1_o
O,Co6Ti6,-2.535144496,hollow|A_B_B|FCC,L1_o
O,Co6Ti6,-1.607921217,4fold|A_A_B_B,L1_o
O,Co6V6,-1.339338327,hollow|A_A_B|HCP,L1_o
O,Co6V6,-2.130721834,hollow|A_A_B|FCC,L1_o
O,Co6V6,-2.131296675,hollow|A_B_B|FCC,L1_o
O,Co6W6,-0.907964831,hollow|A_A_B|HCP,L1_o
O,Co6W6,-0.776859839,hollow|A_A_B|FCC,L1_o
O,Co6W6,-1.607730329,hollow|A_B_B|HCP,L1_o
O,Co6W6,-1.503300113,hollow|A_B_B|FCC,L1_o
O,Co6Y6,-0.18960661,top|A,L1_o
O,Co6Y6,0.696978236,top|B,L1_o
O,Co6Y6,-1.729924409,bridge|B_B|A,L1_o
O,Co6Y6,-2.155700388,hollow|A_B_B|FCC,L1_o
O,Co6Y6,-2.372213342,4fold|A_A_B_B,L1_o
O,Co6Zn6,0.247652301,bridge|A_A|B,L1_o
O,Co6Zn6,0.108090147,hollow|A_A_B|HCP,L1_o
O,Co6Zn6,0.149780981,hollow|A_A_B|FCC,L1_o
O,Co6Zn6,0.633955719,hollow|A_B_B|HCP,L1_o
O,Co6Zn6,0.564899757,hollow|A_B_B|FCC,L1_o
O,Co6Zr6,0.59128582,top|A,L1_o
O,Co6Zr6,-0.480626782,top|B,L1_o
O,Co6Zr6,-2.309373413,bridge|B_B|A,L1_o
O,Co6Zr6,-1.87085203,4fold|A_A_B_B,L1_o
O,Cr6Cu6,-1.525893725,bridge|A_A|B,L1_o
O,Cr6Cu6,-1.646489136,hollow|A_A_B|HCP,L1_o
O,Cr6Cu6,-1.54056311,hollow|A_A_B|FCC,L1_o
O,Cr6Cu6,-0.68120475,hollow|A_B_B|FCC,L1_o
O,Cr6Cu6,-0.575949348,hollow-tilt|A_B_B|HCP,L1_o
O,Cr6Fe6,-1.64291805,hollow|A_A_B|HCP,L1_o
O,Cr6Fe6,-1.61504162,hollow|A_A_B|FCC,L1_o
O,Cr6Fe6,-1.329592978,hollow|A_B_B|HCP,L1_o
O,Cr6Fe6,-1.24770889,hollow|A_B_B|FCC,L1_o
O,Cr6Hf6,0.03303394,top|B,L1_o
O,Cr6Hf6,0.03303394,top|B,L1_o
O,Cr6Hf6,0.03303394,top|B,L1_o
O,Cr6Hf6,-2.606100084,bridge|A_A|B,L1_o
O,Cr6Hf6,-2.606100084,bridge|A_A|B,L1_o
O,Cr6Hf6,-2.606100084,bridge|A_A|B,L1_o
O,Cr6Hf6,-2.612294756,hollow|A_A_B|HCP,L1_o
O,Cr6Hf6,-2.612294756,hollow|A_A_B|HCP,L1_o
O,Cr6Hf6,-2.612294756,hollow|A_A_B|HCP,L1_o
O,Cr6Hf6,-2.791306205,hollow|A_B_B|FCC,L1_o
O,Cr6Hf6,-2.791306205,hollow|A_B_B|FCC,L1_o
O,Cr6Hf6,-2.791306205,hollow|A_B_B|FCC,L1_o
O,Cr6Ir6,-0.423890366,top|A,L1_o
O,Cr6Ir6,-1.190340082,hollow|A_A_B|HCP,L1_o
O,Cr6Ir6,-0.985268699,hollow|A_A_B|FCC,L1_o
O,Cr6Ir6,-0.322337618,hollow|A_B_B|HCP,L1_o
O,Cr6La6,-1.822255764,top|A,L1_o
O,Cr6La6,0.522878442,top|B,L1_o
O,Cr6La6,-2.456827412,bridge|A_A|B,L1_o
O,Cr6La6,-1.345951782,bridge|B_B|A,L1_o
O,Cr6Mn6,-2.056962521,top|A,L1_o
O,Cr6Mn6,-1.431215116,top|B,L1_o
O,Cr6Mn6,-3.061667359,bridge|A_A|B,L1_o
O,Cr6Mn6,-2.991351918,bridge|B_B|A,L1_o
O,Cr6Mn6,-3.305360404,hollow|A_A_B|HCP,L1_o
O,Cr6Mn6,-3.305107202,hollow|A_A_B|FCC,L1_o
O,Cr6Mn6,-3.093569849,hollow|A_B_B|HCP,L1_o
O,Cr6Mo6,-0.916730434,top|B,L1_o
O,Cr6Mo6,-1.368334506,bridge|B_B|A,L1_o
O,Cr6Mo6,-2.015531692,hollow|A_B_B|HCP,L1_o
O,Cr6Mo6,-2.083079735,hollow|A_B_B|FCC,L1_o
O,Cr6Nb6,-0.79540603,top|A,L1_o
O,Cr6Nb6,-0.385641773,top|B,L1_o
O,Cr6Nb6,-2.298573895,bridge|A_A|B,L1_o
O,Cr6Nb6,-2.150417026,bridge|B_B|A,L1_o
O,Cr6Nb6,-2.430560808,hollow|A_B_B|FCC,L1_o
O,Cr6Os6,-0.364807785,top|A,L1_o
O,Cr6Os6,0.24683215,top|B,L1_o
O,Cr6Os6,-1.420761046,hollow|A_A_B|HCP,L1_o
O,Cr6Os6,-1.145181022,hollow|A_A_B|FCC,L1_o
O,Cr6Os6,-1.044909385,hollow|A_B_B|HCP,L1_o
O,Cr6Os6,-0.683363293,hollow|A_B_B|FCC,L1_o
O,Cr6Pd6,-0.796872315,top|A,L1_o
O,Cr6Pd6,-1.595836097,hollow|A_A_B|HCP,L1_o
O,Cr6Pt6,-0.591697936,top|A,L1_o
O,Cr6Pt6,-1.173692702,hollow|A_A_B|HCP,L1_o
O,Cr6Re6,-0.512142054,top|A,L1_o
O,Cr6Re6,-0.654212826,top|B,L1_o
O,Cr6Re6,-1.297368849,bridge|A_A|B,L1_o
O,Cr6Re6,-1.009421387,bridge|B_B|A,L1_o
O,Cr6Re6,-0.96355347,bridge|A_B|B,L1_o
O,Cr6Re6,-1.451145006,hollow|A_A_B|HCP,L1_o
O,Cr6Re6,-1.375472868,hollow|A_B_B|FCC,L1_o
O,Cr6Rh6,-0.664937376,top|A,L1_o
O,Cr6Rh6,-1.509075185,hollow|A_A_B|HCP,L1_o
O,Cr6Rh6,-0.614522301,hollow|A_B_B|HCP,L1_o
O,Cr6Ru6,-0.575392603,top|A,L1_o
O,Cr6Ru6,0.626013124,top|B,L1_o
O,Cr6Ru6,-1.612677767,hollow|A_A_B|HCP,L1_o
O,Cr6Ru6,-1.360659807,hollow|A_A_B|FCC,L1_o
O,Cr6Ru6,-1.111941228,hollow|A_B_B|HCP,L1_o
O,Cr6Ru6,-0.826206867,hollow|A_B_B|FCC,L1_o
O,Cr6Sc6,-2.633048742,hollow|A_A_B|FCC,L1_o
O,Cr6Sc6,-2.769421994,hollow|A_B_B|HCP,L1_o
O,Cr6Ta6,-0.65867835,top|A,L1_o
O,Cr6Ta6,-0.456301846,top|B,L1_o
O,Cr6Ta6,-2.287007152,bridge|A_A|B,L1_o
O,Cr6Ta6,-2.28697858,bridge|B_B|A,L1_o
O,Cr6Ta6,-2.552319913,hollow|A_B_B|HCP,L1_o
O,Cr6Tc6,-0.688173585,top|A,L1_o
O,Cr6Tc6,-0.158555291,top|B,L1_o
O,Cr6Tc6,-1.556635786,bridge|A_A|B,L1_o
O,Cr6Tc6,-0.888095894,bridge|B_B|A,L1_o
O,Cr6Tc6,-1.61738969,hollow|A_A_B|HCP,L1_o
O,Cr6Tc6,-1.360732462,hollow|A_B_B|FCC,L1_o
O,Cr6Ti6,-2.672127555,bridge|A_A|B,L1_o
O,Cr6Ti6,-2.458966635,bridge|B_B|A,L1_o
O,Cr6Ti6,-2.656476383,hollow|A_A_B|HCP,L1_o
O,Cr6Ti6,-2.670056496,hollow|A_B_B|HCP,L1_o
O,Cr6V6,-1.67121163,bridge|A_A|B,L1_o
O,Cr6V6,-2.442553681,hollow|A_A_B|HCP,L1_o
O,Cr6V6,-2.414266495,hollow|A_A_B|FCC,L1_o
O,Cr6V6,-2.427348368,hollow|A_B_B|HCP,L1_o
O,Cr6V6,-2.456077058,hollow|A_B_B|FCC,L1_o
O,Cr6W6,-0.322297073,top|A,L1_o
O,Cr6W6,-0.817735011,top|B,L1_o
O,Cr6W6,-1.682775924,bridge|A_A|B,L1_o
O,Cr6W6,-1.671441975,hollow|A_A_B|HCP,L1_o
O,Cr6W6,-2.11025071,hollow|A_B_B|HCP,L1_o
O,Cr6Y6,-1.225965362,bridge|A_A|B,L1_o
O,Cr6Y6,-0.954227584,hollow|A_A_B|HCP,L1_o
O,Cr6Y6,-0.834360214,hollow|A_B_B|FCC,L1_o
O,Cr6Zn6,-0.549737846,top|A,L1_o
O,Cr6Zn6,-1.265047984,bridge|A_A|A,L1_o
O,Cr6Zn6,-0.469304941,top|B,L1_o
O,Cr6Zn6,-1.269777867,bridge|A_A|B,L1_o
O,Cr6Zn6,-0.232298414,hollow|A_B_B|FCC,L1_o
O,Cr6Zr6,-1.265933442,top|A,L1_o
O,Cr6Zr6,0.02028527,top|B,L1_o
O,Cr6Zr6,-2.608167877,bridge|A_A|B,L1_o
O,Cr6Zr6,-2.164219456,bridge|B_B|A,L1_o
O,Cr6Zr6,-2.686555303,hollow|A_B_B|FCC,L1_o
O,Cu6Fe6,0.706464125,top|B,L1_o
O,Cu6Fe6,0.189130275,hollow|A_A_B|HCP,L1_o
O,Cu6Fe6,0.013348953,hollow|A_A_B|FCC,L1_o
O,Cu6Fe6,-0.446155809,hollow|A_B_B|HCP,L1_o
O,Cu6Fe6,-0.427471929,hollow|A_B_B|FCC,L1_o
O,Cu6Hf6,-1.077344266,top|B,L1_o
O,Cu6Hf6,-3.186677545,bridge|A_A|B,L1_o
O,Cu6Hf6,-3.187125988,bridge|B_B|A,L1_o
O,Cu6Hg6,1.698876492,hollow|A_B_B|FCC,L1_o
O,Cu6Hg6,1.483095796,hollow-tilt|A_B_B|FCC,L1_o
O,Cu6Ir6,0.990622266,hollow|A_A_B|HCP,L1_o
O,Cu6Ir6,1.094836288,hollow|A_A_B|FCC,L1_o
O,Cu6Ir6,0.463873141,hollow|A_B_B|HCP,L1_o
O,Cu6Ir6,0.297193347,hollow|A_B_B|FCC,L1_o
O,Cu6La6,-0.625380051,top|B,L1_o
O,Cu6La6,-2.52431627,bridge|A_A|B,L1_o
O,Cu6La6,-2.527907356,bridge|B_B|A,L1_o
O,Cu6Mn6,0.235717116,bridge|B_B|A,L1_o
O,Cu6Mn6,0.885792995,hollow|A_A_B|FCC,L1_o
O,Cu6Mn6,0.175920508,hollow|A_B_B|HCP,L1_o
O,Cu6Mn6,0.859713605,4fold|A_A_B_B,L1_o
O,Cu6Mo6,-0.796774082,top|B,L1_o
O,Cu6Mo6,-1.307316379,bridge|A_A|B,L1_o
O,Cu6Mo6,-0.510622979,hollow|A_A_B|FCC,L1_o
O,Cu6Mo6,-1.416902336,hollow|A_B_B|HCP,L1_o
O,Cu6Mo6,-1.269130236,hollow|A_B_B|FCC,L1_o
O,Cu6Nb6,-0.939828953,top|B,L1_o
O,Cu6Nb6,-1.843869766,bridge|A_A|B,L1_o
O,Cu6Nb6,-1.843421322,bridge|B_B|A,L1_o
O,Cu6Nb6,-1.82498561,hollow|A_A_B|HCP,L1_o
O,Cu6Nb6,-0.938497364,hollow|A_A_B|FCC,L1_o
O,Cu6Nb6,-1.825010508,hollow|A_B_B|HCP,L1_o
O,Cu6Nb6,-0.93928146,hollow|A_B_B|FCC,L1_o
O,Cu6Ni6,0.831957449,hollow|A_A_B|HCP,L1_o
O,Cu6Ni6,0.669621408,hollow|A_A_B|FCC,L1_o
O,Cu6Ni6,0.271208516,hollow|A_B_B|HCP,L1_o
O,Cu6Ni6,0.235364593,hollow|A_B_B|FCC,L1_o
O,Cu6Os6,0.495550049,hollow|A_A_B|HCP,L1_o
O,Cu6Os6,0.89703878,hollow|A_A_B|FCC,L1_o
O,Cu6Os6,0.169962304,hollow|A_B_B|HCP,L1_o
O,Cu6Os6,-0.22997048,hollow|A_B_B|FCC,L1_o
O,Cu6Os6,0.435814259,top-tilt|B,L1_o
O,Cu6Pd6,2.686780205,top|A,L1_o
O,Cu6Pd6,2.842403878,top|B,L1_o
O,Cu6Pd6,1.133460807,bridge|A_A|B,L1_o
O,Cu6Pd6,1.6233415,bridge|B_B|A,L1_o
O,Cu6Pd6,1.391305676,hollow|A_B_B|FCC,L1_o
O,Cu6Pt6,1.500481694,hollow|A_A_B|HCP,L1_o
O,Cu6Pt6,1.170693735,hollow|A_A_B|FCC,L1_o
O,Cu6Pt6,1.21518911,hollow|A_B_B|HCP,L1_o
O,Cu6Pt6,1.273132622,hollow|A_B_B|FCC,L1_o
O,Cu6Re6,-0.711462856,top|B,L1_o
O,Cu6Re6,-0.820061448,hollow|A_B_B|HCP,L1_o
O,Cu6Re6,-1.007275089,hollow|A_B_B|FCC,L1_o
O,Cu6Rh6,0.91490006,hollow|A_A_B|HCP,L1_o
O,Cu6Rh6,0.976194654,hollow|A_A_B|FCC,L1_o
O,Cu6Rh6,0.506732431,hollow|A_B_B|HCP,L1_o
O,Cu6Rh6,0.383054515,hollow|A_B_B|FCC,L1_o
O,Cu6Ru6,0.59586155,hollow|A_A_B|HCP,L1_o
O,Cu6Ru6,0.840189165,hollow|A_A_B|FCC,L1_o
O,Cu6Ru6,0.180477599,hollow|A_B_B|HCP,L1_o
O,Cu6Ru6,-0.099503323,hollow|A_B_B|FCC,L1_o
O,Cu6Sc6,-2.67665172,bridge|B_B|A,L1_o
O,Cu6Sc6,-2.688223361,hollow|A_B_B|HCP,L1_o
O,Cu6Sc6,-2.07396501,4fold|A_A_B_B,L1_o
O,Cu6Ta6,-1.122108217,top|B,L1_o
O,Cu6Ta6,-2.2387796,bridge|A_A|B,L1_o
O,Cu6Ta6,-2.238778512,bridge|B_B|A,L1_o
O,Cu6Ta6,-1.077087799,hollow|A_A_B|FCC,L1_o
O,Cu6Tc6,-0.108250831,top|B,L1_o
O,Cu6Tc6,0.307686601,hollow|A_A_B|FCC,L1_o
O,Cu6Tc6,-0.580822227,hollow|A_B_B|HCP,L1_o
O,Cu6Tc6,-0.716398865,hollow|A_B_B|FCC,L1_o
O,Cu6Ti6,-1.297566812,hollow|A_A_B|FCC,L1_o
O,Cu6Ti6,-2.509730016,hollow|A_B_B|HCP,L1_o
O,Cu6V6,-1.836904876,bridge|B_B|A,L1_o
O,Cu6V6,-0.936754747,hollow|A_A_B|HCP,L1_o
O,Cu6V6,-1.076483434,hollow|A_A_B|FCC,L1_o
O,Cu6V6,-1.872181986,hollow|A_B_B|HCP,L1_o
O,Cu6V6,-0.989242513,hollow-tilt|A_A_B|FCC,L1_o
O,Cu6W6,-1.103179162,top|A,L1_o
O,Cu6W6,-1.103979041,top|B,L1_o
O,Cu6W6,-1.627303477,bridge|A_A|B,L1_o
O,Cu6W6,-1.632360849,bridge|B_B|A,L1_o
O,Cu6W6,-1.597862121,hollow|A_A_B|HCP,L1_o
O,Cu6W6,-0.674165709,hollow|A_A_B|FCC,L1_o
O,Cu6W6,-1.597350819,hollow|A_B_B|HCP,L1_o
O,Cu6Y6,0.816598255,top|A,L1_o
O,Cu6Y6,-2.582540468,bridge|B_B|A,L1_o
O,Cu6Y6,-2.579229795,hollow|A_B_B|HCP,L1_o
O,Cu6Zn6,0.867430209,hollow|A_A_B|HCP,L1_o
O,Cu6Zn6,0.833475708,hollow|A_A_B|FCC,L1_o
O,Cu6Zn6,0.673092356,hollow|A_B_B|HCP,L1_o
O,Cu6Zn6,0.640969725,hollow|A_B_B|FCC,L1_o
O,Cu6Zr6,-1.107371892,top|B,L1_o
O,Cu6Zr6,-2.895639141,bridge|A_A|B,L1_o
O,Cu6Zr6,-2.895954793,bridge|B_B|A,L1_o
O,Cu6Zr6,-2.03028965,4fold|A_A_B_B,L1_o
O,Fe6Hf6,0.081217681,top|A,L1_o
O,Fe6Hf6,-0.060372265,top|B,L1_o
O,Fe6Hf6,-2.325890995,bridge|B_B|A,L1_o
O,Fe6Hf6,-2.576433689,hollow|A_B_B|FCC,L1_o
O,Fe6Hf6,-2.107949171,4fold|A_A_B_B,L1_o
O,Fe6Ir6,1.199995225,top|A,L1_o
O,Fe6Ir6,1.423577697,top|B,L1_o
O,Fe6Ir6,0.134473897,hollow|A_A_B|HCP,L1_o
O,Fe6Ir6,0.013556303,hollow|A_A_B|FCC,L1_o
O,Fe6Ir6,0.20430688,hollow|A_B_B|HCP,L1_o
O,Fe6Ir6,0.294694389,hollow|A_B_B|FCC,L1_o
O,Fe6La6,-1.808732794,bridge|B_B|A,L1_o
O,Fe6La6,-1.690135923,hollow|A_A_B|HCP,L1_o
O,Fe6La6,-2.174791215,hollow|A_B_B|FCC,L1_o
O,Fe6La6,-2.221630306,4fold|A_A_B_B,L1_o
O,Fe6Nb6,-2.175910283,bridge|B_B|A,L1_o
O,Fe6Nb6,-2.502593422,hollow|A_B_B|FCC,L1_o
O,Fe6Nb6,-1.59519214,4fold|A_A_B_B,L1_o
O,Fe6Ni6,-0.231416493,hollow|A_A_B|HCP,L1_o
O,Fe6Ni6,-0.319504232,hollow|A_A_B|FCC,L1_o
O,Fe6Ni6,-0.003243053,hollow|A_B_B|FCC,L1_o
O,Fe6Os6,-0.38695445,hollow|A_A_B|HCP,L1_o
O,Fe6Os6,-0.187536776,hollow|A_A_B|FCC,L1_o
O,Fe6Os6,-0.574515444,hollow|A_B_B|HCP,L1_o
O,Fe6Os6,-0.418136791,hollow|A_B_B|FCC,L1_o
O,Fe6Pd6,2.05663408,bridge|B_B|A,L1_o
O,Fe6Pd6,0.012383221,hollow|A_A_B|HCP,L1_o
O,Fe6Pd6,-0.058647335,hollow|A_A_B|FCC,L1_o
O,Fe6Pd6,0.773987269,hollow|A_B_B|HCP,L1_o
O,Fe6Pd6,0.66942154,hollow|A_B_B|FCC,L1_o
O,Fe6Pt6,1.319028159,top|A,L1_o
O,Fe6Pt6,0.461913241,hollow|A_A_B|HCP,L1_o
O,Fe6Pt6,0.231125875,hollow|A_A_B|FCC,L1_o
O,Fe6Pt6,1.055953261,hollow|A_B_B|HCP,L1_o
O,Fe6Pt6,1.049615866,hollow|A_B_B|FCC,L1_o
O,Fe6Rh6,1.048183459,bridge|A_A|B,L1_o
O,Fe6Rh6,0.792079982,hollow|A_A_B|HCP,L1_o
O,Fe6Rh6,0.788571482,hollow|A_A_B|FCC,L1_o
O,Fe6Rh6,1.291708746,hollow|A_B_B|HCP,L1_o
O,Fe6Rh6,1.456231902,4fold|A_A_B_B,L1_o
O,Fe6Ru6,-0.493330825,hollow|A_A_B|HCP,L1_o
O,Fe6Ru6,-0.350724533,hollow|A_A_B|FCC,L1_o
O,Fe6Ru6,-0.554093028,hollow|A_B_B|HCP,L1_o
O,Fe6Ru6,-0.454748076,hollow|A_B_B|FCC,L1_o
O,Fe6Sc6,-1.92110751,bridge|B_B|A,L1_o
O,Fe6Sc6,-2.384870853,hollow|A_B_B|FCC,L1_o
O,Fe6Sc6,-2.709033266,4fold|A_A_B_B,L1_o
O,Fe6Ta6,-2.335059735,bridge|B_B|A,L1_o
O,Fe6Ta6,-2.615374132,hollow|A_B_B|FCC,L1_o
O,Fe6Ta6,-1.422614142,4fold|A_A_B_B,L1_o
O,Fe6Tc6,-0.85076174,hollow|A_A_B|HCP,L1_o
O,Fe6Tc6,-0.667662052,hollow|A_A_B|FCC,L1_o
O,Fe6Tc6,-0.716196684,hollow|A_B_B|HCP,L1_o
O,Fe6Tc6,-0.949255112,hollow|A_B_B|FCC,L1_o
O,Fe6Ti6,-2.182005905,bridge|B_B|A,L1_o
O,Fe6Ti6,-2.395081245,hollow|A_B_B|HCP,L1_o
O,Fe6Ti6,-2.395602071,hollow|A_B_B|FCC,L1_o
O,Fe6Ti6,-1.833761281,4fold|A_A_B_B,L1_o
O,Fe6V6,-1.492078954,hollow|A_A_B|HCP,L1_o
O,Fe6V6,-2.613143615,hollow|A_B_B|FCC,L1_o
O,Fe6W6,-1.27732059,hollow|A_A_B|HCP,L1_o
O,Fe6W6,-1.281184879,hollow|A_A_B|FCC,L1_o
O,Fe6W6,-1.583281581,hollow|A_B_B|HCP,L1_o
O,Fe6W6,-1.537531898,hollow|A_B_B|FCC,L1_o
O,Fe6Y6,-1.929938148,hollow|A_A_B|HCP,L1_o
O,Fe6Y6,-2.549669933,hollow|A_B_B|FCC,L1_o
O,Fe6Y6,-2.702380491,4fold|A_A_B_B,L1_o
O,Fe6Zn6,-0.316422407,hollow|A_A_B|HCP,L1_o
O,Fe6Zn6,-0.33356449,hollow|A_A_B|FCC,L1_o
O,Fe6Zn6,0.203592309,hollow|A_B_B|HCP,L1_o
O,Fe6Zn6,0.078749881,hollow|A_B_B|FCC,L1_o
O,Fe6Zr6,-0.079620645,top|A,L1_o
O,Fe6Zr6,-0.185566672,top|B,L1_o
O,Fe6Zr6,-2.142574705,bridge|B_B|A,L1_o
O,Fe6Zr6,-2.445380263,hollow|A_B_B|FCC,L1_o
O,Fe6Zr6,-2.108168359,4fold|A_A_B_B,L1_o
O,Hf6Hg6,-0.998800648,top|B,L1_o
O,Hf6Hg6,-2.936749691,bridge|A_A|B,L1_o
O,Hf6Hg6,-2.937190244,bridge|B_B|A,L1_o
O,Hf6Hg6,-1.088987745,top-tilt|A,L1_o
O,Hf6Ir6,-0.255349857,top|A,L1_o
O,Hf6Ir6,-2.297959462,hollow|A_A_B|FCC,L1_o
O,Hf6La6,-3.351034031,hollow|A_A_B|HCP,L1_o
O,Hf6La6,-3.432626413,hollow|A_A_B|FCC,L1_o
O,Hf6La6,-3.015458211,hollow|A_B_B|HCP,L1_o
O,Hf6La6,-3.003977048,hollow|A_B_B|FCC,L1_o
O,Hf6Mo6,-0.843606778,top|B,L1_o
O,Hf6Mo6,-2.450279537,hollow|A_A_B|HCP,L1_o
O,Hf6Mo6,-2.263265356,hollow|A_B_B|HCP,L1_o
O,Hf6Nb6,-3.120562045,hollow|A_A_B|HCP,L1_o
O,Hf6Nb6,-3.36248254,hollow|A_A_B|FCC,L1_o
O,Hf6Nb6,-2.7603255,hollow|A_B_B|HCP,L1_o
O,Hf6Nb6,-2.93105639,hollow|A_B_B|FCC,L1_o
O,Hf6Ni6,-2.876734848,bridge|A_A|B,L1_o
O,Hf6Ni6,-2.870532421,hollow|A_A_B|HCP,L1_o
O,Hf6Ni6,-1.853767771,4fold|A_A_B_B,L1_o
O,Hf6Os6,0.44058319,top|A,L1_o
O,Hf6Os6,0.582973831,top|B,L1_o
O,Hf6Os6,-2.203050509,hollow|A_A_B|HCP,L1_o
O,Hf6Os6,-0.771588177,hollow|A_B_B|HCP,L1_o
O,Hf6Os6,-0.907830814,4fold|A_A_B_B,L1_o
O,Hf6Pd6,-1.241570138,top|A,L1_o
O,Hf6Pd6,-3.195834856,bridge|A_A|B,L1_o
O,Hf6Pt6,-1.06063117,top|A,L1_o
O,Hf6Pt6,-2.864514624,bridge|A_A|B,L1_o
O,Hf6Re6,0.509700921,top|A,L1_o
O,Hf6Re6,-0.946292337,top|B,L1_o
O,Hf6Re6,-2.069590916,bridge|A_A|B,L1_o
O,Hf6Re6,-1.808115368,bridge|B_B|A,L1_o
O,Hf6Re6,-2.27501251,hollow|A_A_B|HCP,L1_o
O,Hf6Re6,-1.838874844,hollow|A_B_B|HCP,L1_o
O,Hf6Rh6,-2.712926807,hollow|A_A_B|HCP,L1_o
O,Hf6Rh6,-0.600892255,hollow|A_B_B|FCC,L1_o
O,Hf6Rh6,-0.683341796,4fold|A_A_B_B,L1_o
O,Hf6Ru6,-2.324001573,hollow|A_A_B|HCP,L1_o
O,Hf6Ru6,-0.824877999,hollow|A_B_B|HCP,L1_o
O,Hf6Ru6,-0.973884136,4fold|A_A_B_B,L1_o
O,Hf6Sc6,-3.567035003,hollow|A_A_B|HCP,L1_o
O,Hf6Sc6,-3.695666616,hollow|A_A_B|FCC,L1_o
O,Hf6Sc6,-3.487094488,hollow|A_B_B|HCP,L1_o
O,Hf6Sc6,-3.660853324,hollow|A_B_B|FCC,L1_o
O,Hf6Ta6,-3.12278331,hollow|A_A_B|HCP,L1_o
O,Hf6Ta6,-3.462855403,hollow|A_A_B|FCC,L1_o
O,Hf6Ta6,-2.869701522,hollow|A_B_B|HCP,L1_o
O,Hf6Ta6,-3.177930173,hollow|A_B_B|FCC,L1_o
O,Hf6Tc6,-2.2005623,bridge|A_A|B,L1_o
O,Hf6Tc6,-1.58630463,bridge|B_B|A,L1_o
O,Hf6Tc6,-2.275853886,hollow|A_A_B|HCP,L1_o
O,Hf6Tc6,-1.731487023,hollow|A_B_B|HCP,L1_o
O,Hf6Ti6,-3.310631521,hollow|A_A_B|HCP,L1_o
O,Hf6Ti6,-3.571118343,hollow|A_A_B|FCC,L1_o
O,Hf6Ti6,-3.19313535,hollow|A_B_B|HCP,L1_o
O,Hf6Ti6,-3.492598262,hollow|A_B_B|FCC,L1_o
O,Hf6V6,-2.627442109,bridge|B_B|A,L1_o
O,Hf6V6,-3.102176266,hollow|A_A_B|FCC,L1_o
O,Hf6V6,-3.045892647,hollow|A_B_B|HCP,L1_o
O,Hf6V6,-3.103175331,hollow|A_B_B|FCC,L1_o
O,Hf6V6,-3.247818395,4fold|A_A_B_B,L1_o
O,Hf6W6,-0.614626112,top|A,L1_o
O,Hf6W6,-2.707428339,hollow|A_A_B|HCP,L1_o
O,Hf6W6,-2.890881639,hollow|A_A_B|FCC,L1_o
O,Hf6W6,-2.336757453,hollow|A_B_B|HCP,L1_o
O,Hf6W6,-2.3974402,hollow|A_B_B|FCC,L1_o
O,Hf6Y6,-2.200513728,bridge|B_B|A,L1_o
O,Hf6Y6,-3.60980572,hollow|A_A_B|HCP,L1_o
O,Hf6Y6,-3.692015392,hollow|A_A_B|FCC,L1_o
O,Hf6Y6,-3.435192719,hollow|A_B_B|HCP,L1_o
O,Hf6Y6,-3.549843803,hollow|A_B_B|FCC,L1_o
O,Hf6Zn6,-2.919939587,bridge|A_A|B,L1_o
O,Hf6Zn6,-0.983447577,hollow|A_B_B|HCP,L1_o
O,Hf6Zn6,-1.715443735,4fold|A_A_B_B,L1_o
O,Hf6Zr6,-0.58647716,top|B,L1_o
O,Hf6Zr6,-3.276201093,hollow|A_A_B|HCP,L1_o
O,Hf6Zr6,-3.60323213,hollow|A_A_B|FCC,L1_o
O,Hf6Zr6,-3.164716461,hollow|A_B_B|HCP,L1_o
O,Hf6Zr6,-3.482477668,hollow|A_B_B|FCC,L1_o
O,Hg6La6,-2.806712202,bridge|B_B|A,L1_o
O,Hg6Mo6,-0.263022243,top|B,L1_o
O,Hg6Nb6,-1.037948985,top|B,L1_o
O,Hg6Nb6,-1.785467605,bridge|B_B|A,L1_o
O,Hg6Pd6,2.289911967,bridge|B_B|A,L1_o
O,Hg6Pd6,2.455077584,hollow|A_A_B|HCP,L1_o
O,Hg6Pd6,2.226565498,hollow|A_A_B|FCC,L1_o
O,Hg6Pt6,2.002607237,hollow|A_A_B|FCC,L1_o
O,Hg6Rh6,1.053096338,bridge|B_B|A,L1_o
O,Hg6Rh6,2.557730625,4fold|A_A_B_B,L1_o
O,Hg6Rh6,1.860989944,hollow-tilt|A_A_B|FCC,L1_o
O,Hg6Sc6,-2.860115632,bridge|B_B|A,L1_o
O,Hg6Sc6,-0.624778136,hollow-tilt|A_A_B|FCC,L1_o
O,Hg6Ta6,-1.217363979,top|B,L1_o
O,Hg6Ta6,-2.099597453,bridge|B_B|A,L1_o
O,Hg6Ta6,-0.977785432,top-tilt|B,L1_o
O,Hg6Ti6,-1.076366425,top|B,L1_o
O,Hg6Ti6,-2.579698239,bridge|B_B|A,L1_o
O,Hg6V6,-0.339866511,top|B,L1_o
O,Hg6W6,-0.96182337,top|B,L1_o
O,Hg6Y6,-2.794331295,bridge|A_A|B,L1_o
O,Hg6Y6,-2.795575127,bridge|B_B|A,L1_o
O,Hg6Y6,-0.412472334,hollow|A_A_B|FCC,L1_o
O,Hg6Zr6,-0.971030614,top|B,L1_o
O,Hg6Zr6,-2.631312928,bridge|A_A|B,L1_o
O,Hg6Zr6,-2.631175511,bridge|B_B|A,L1_o
O,Hg6Zr6,-0.996031073,top-tilt|B,L1_o
O,In6Ir6,1.05841317,hollow|A_A_B|FCC,L1_o
O,In6Ir6,0.952606738,hollow|A_B_B|HCP,L1_o
O,Ir6La6,-0.967930693,bridge|B_B|A,L1_o
O,Ir6La6,-1.451137931,hollow|A_B_B|FCC,L1_o
O,Ir6Mn6,0.631621118,hollow|A_A_B|HCP,L1_o
O,Ir6Mn6,0.764070352,hollow|A_A_B|FCC,L1_o
O,Ir6Mn6,-0.179661257,hollow|A_B_B|FCC,L1_o
O,Ir6Mo6,-0.640974351,top|B,L1_o
O,Ir6Mo6,-0.266433326,hollow|A_A_B|HCP,L1_o
O,Ir6Mo6,-1.21811964,hollow|A_B_B|HCP,L1_o
O,Ir6Mo6,-0.948472785,hollow|A_B_B|FCC,L1_o
O,Ir6Nb6,-0.866224745,top|B,L1_o
O,Ir6Nb6,-0.562751011,hollow|A_A_B|HCP,L1_o
O,Ir6Nb6,-1.653092658,hollow|A_B_B|HCP,L1_o
O,Ir6Nb6,-1.726055222,hollow|A_B_B|FCC,L1_o
O,Ir6Ni6,0.634453551,bridge|A_A|B,L1_o
O,Ir6Ni6,0.374141426,hollow|A_A_B|HCP,L1_o
O,Ir6Ni6,0.323209334,hollow|A_A_B|FCC,L1_o
O,Ir6Ni6,0.649255864,hollow|A_B_B|HCP,L1_o
O,Ir6Ni6,0.592878774,hollow|A_B_B|FCC,L1_o
O,Ir6Os6,0.805631523,hollow|A_A_B|HCP,L1_o
O,Ir6Os6,0.850222546,hollow|A_A_B|FCC,L1_o
O,Ir6Os6,0.090854049,hollow|A_B_B|HCP,L1_o
O,Ir6Os6,0.1901756,hollow|A_B_B|FCC,L1_o
O,Ir6Pd6,0.570579862,hollow|A_A_B|HCP,L1_o
O,Ir6Pd6,0.458768149,hollow|A_A_B|FCC,L1_o
O,Ir6Pd6,1.144619923,hollow|A_B_B|HCP,L1_o
O,Ir6Pd6,1.151707128,hollow|A_B_B|FCC,L1_o
O,Ir6Pt6,1.448100868,top|A,L1_o
O,Ir6Pt6,0.964760975,hollow|A_A_B|HCP,L1_o
O,Ir6Pt6,0.725065691,hollow|A_A_B|FCC,L1_o
O,Ir6Pt6,1.452903405,hollow|A_B_B|HCP,L1_o
O,Ir6Pt6,1.204840892,hollow|A_B_B|FCC,L1_o
O,Ir6Re6,-0.31934042,top|B,L1_o
O,Ir6Re6,0.290742208,hollow|A_A_B|HCP,L1_o
O,Ir6Re6,-0.756118778,hollow|A_B_B|HCP,L1_o
O,Ir6Re6,-0.415214289,hollow|A_B_B|FCC,L1_o
O,Ir6Rh6,0.604373815,hollow|A_A_B|HCP,L1_o
O,Ir6Rh6,0.563892392,hollow|A_A_B|FCC,L1_o
O,Ir6Rh6,0.826276936,hollow|A_B_B|HCP,L1_o
O,Ir6Rh6,0.736266713,hollow|A_B_B|FCC,L1_o
O,Ir6Ru6,0.57284725,hollow|A_A_B|HCP,L1_o
O,Ir6Ru6,0.742627918,hollow|A_A_B|FCC,L1_o
O,Ir6Ru6,0.175677102,hollow|A_B_B|HCP,L1_o
O,Ir6Ru6,0.28486659,hollow|A_B_B|FCC,L1_o
O,Ir6Sc6,-1.623614158,hollow|A_B_B|FCC,L1_o
O,Ir6Sc6,-0.784003371,4fold|A_A_B_B,L1_o
O,Ir6Ta6,-0.519659063,hollow|A_A_B|HCP,L1_o
O,Ir6Ta6,-1.924635874,hollow|A_B_B|HCP,L1_o
O,Ir6Ta6,-1.976372334,hollow|A_B_B|FCC,L1_o
O,Ir6Tc6,0.148154692,top|B,L1_o
O,Ir6Tc6,0.24610615,hollow|A_A_B|HCP,L1_o
O,Ir6Tc6,-0.605923096,hollow|A_B_B|HCP,L1_o
O,Ir6Tc6,-0.297319471,hollow|A_B_B|FCC,L1_o
O,Ir6Ti6,-0.470708505,top|B,L1_o
O,Ir6Ti6,-2.058430031,hollow|A_B_B|FCC,L1_o
O,Ir6V6,-0.789379797,top|B,L1_o
O,Ir6V6,-0.662328757,hollow|A_A_B|HCP,L1_o
O,Ir6V6,-1.598288931,hollow|A_B_B|HCP,L1_o
O,Ir6V6,-1.726014949,hollow|A_B_B|FCC,L1_o
O,Ir6W6,-0.800135504,top|B,L1_o
O,Ir6W6,-0.238246006,hollow|A_A_B|HCP,L1_o
O,Ir6W6,-1.339652347,hollow|A_B_B|HCP,L1_o
O,Ir6W6,-1.079505939,hollow|A_B_B|FCC,L1_o
O,Ir6Y6,-1.002376223,bridge|B_B|A,L1_o
O,Ir6Y6,-1.517482686,hollow|A_B_B|FCC,L1_o
O,Ir6Y6,-1.291290371,4fold|A_A_B_B,L1_o
O,Ir6Zn6,0.899058,bridge|B_B|A,L1_o
O,Ir6Zn6,1.185794693,bridge|A_B|A,L1_o
O,Ir6Zn6,1.187708877,bridge|A_B|B,L1_o
O,Ir6Zn6,0.69379913,hollow|A_A_B|FCC,L1_o
O,Ir6Zn6,0.869152281,hollow|A_B_B|HCP,L1_o
O,Ir6Zn6,1.08215864,4fold|A_A_B_B,L1_o
O,Ir6Zr6,-2.164699465,hollow|A_B_B|FCC,L1_o
O,La6Mn6,-2.235906758,bridge|A_A|A,L1_o
O,La6Mn6,-1.99805627,bridge|A_A|B,L1_o
O,La6Mn6,-2.449888509,hollow|A_A_B|FCC,L1_o
O,La6Mn6,-1.873517385,hollow|A_B_B|HCP,L1_o
O,La6Mn6,-2.231769267,4fold|A_A_B_B,L1_o
O,La6Mo6,-1.732854395,bridge|A_A|B,L1_o
O,La6Mo6,-3.240632821,bridge-tilt|A_A|B,L1_o
O,La6Nb6,-2.749419314,bridge|A_A|A,L1_o
O,La6Nb6,-2.749947759,bridge|B_B|B,L1_o
O,La6Nb6,-1.695561601,bridge|B_B|A,L1_o
O,La6Nb6,-2.44762874,hollow|A_A_B|HCP,L1_o
O,La6Nb6,-2.464727829,hollow|A_A_B|FCC,L1_o
O,La6Nb6,-2.610129002,hollow|A_B_B|HCP,L1_o
O,La6Nb6,-2.52040994,hollow|A_B_B|FCC,L1_o
O,La6Nb6,-2.642705654,bridge-tilt|A_A|B,L1_o
O,La6Ni6,-2.056777348,bridge|A_A|B,L1_o
O,La6Ni6,-2.038984232,hollow|A_A_B|FCC,L1_o
O,La6Ni6,-1.778215499,4fold|A_A_B_B,L1_o
O,La6Os6,-0.768978606,bridge|A_A|B,L1_o
O,La6Pd6,-0.57233105,top|A,L1_o
O,La6Pd6,-2.448574472,bridge|A_A|B,L1_o
O,La6Pd6,-1.55823459,4fold|A_A_B_B,L1_o
O,La6Pt6,-0.288224066,top|A,L1_o
O,La6Pt6,-2.123916947,bridge|A_A|B,L1_o
O,La6Re6,-1.476644249,top|B,L1_o
O,La6Re6,-1.647017717,bridge|B_B|A,L1_o
O,La6Rh6,0.341442458,top|A,L1_o
O,La6Rh6,-1.613400637,bridge|A_A|B,L1_o
O,La6Rh6,-1.884781265,hollow|A_A_B|FCC,L1_o
O,La6Rh6,-1.544233245,4fold|A_A_B_B,L1_o
O,La6Ru6,0.705321383,top|A,L1_o
O,La6Ru6,-1.256375988,bridge|A_A|B,L1_o
O,La6Ru6,-1.679576682,hollow|A_A_B|FCC,L1_o
O,La6Sc6,-3.187558377,hollow|A_A_B|HCP,L1_o
O,La6Sc6,-3.178272901,hollow|A_A_B|FCC,L1_o
O,La6Sc6,-3.410983295,hollow|A_B_B|HCP,L1_o
O,La6Sc6,-3.438166515,hollow|A_B_B|FCC,L1_o
O,La6Ta6,-3.007561876,bridge|B_B|B,L1_o
O,La6Ta6,-1.543585478,bridge|A_A|B,L1_o
O,La6Ta6,-2.866995622,bridge|B_B|A,L1_o
O,La6Ta6,-2.586323531,hollow|A_A_B|FCC,L1_o
O,La6Ta6,-2.55885704,hollow-tilt|A_A_B|HCP,L1_o
O,La6Tc6,-1.138330556,bridge|B_B|A,L1_o
O,La6Tc6,-1.707125487,hollow|A_A_B|FCC,L1_o
O,La6Ti6,-3.091792946,bridge|B_B|A,L1_o
O,La6Ti6,-2.113726012,bridge|A_B|A,L1_o
O,La6Ti6,-2.786960275,hollow-tilt|A_A_B|FCC,L1_o
O,La6V6,-1.510095884,bridge|A_A|B,L1_o
O,La6V6,-2.907355819,bridge|B_B|A,L1_o
O,La6W6,-1.500171212,bridge|A_A|B,L1_o
O,La6W6,-2.445368698,hollow|A_B_B|FCC,L1_o
O,La6Y6,-3.171289915,hollow|A_A_B|HCP,L1_o
O,La6Y6,-3.208321207,hollow|A_A_B|FCC,L1_o
O,La6Y6,-3.372638373,hollow|A_B_B|HCP,L1_o
O,La6Y6,-3.414582408,hollow|A_B_B|FCC,L1_o
O,La6Zn6,-2.547424041,bridge|A_A|B,L1_o
O,La6Zr6,-2.895176683,hollow|A_A_B|HCP,L1_o
O,La6Zr6,-2.906531858,hollow|A_A_B|FCC,L1_o
O,La6Zr6,-3.080081574,hollow|A_B_B|HCP,L1_o
O,La6Zr6,-3.219845636,hollow|A_B_B|FCC,L1_o
O,Mn6Mo6,-1.586783958,hollow|A_A_B|HCP,L1_o
O,Mn6Mo6,-1.727997843,hollow|A_B_B|HCP,L1_o
O,Mn6Mo6,-1.639963846,hollow|A_B_B|FCC,L1_o
O,Mn6Nb6,-1.785752644,bridge|A_A|B,L1_o
O,Mn6Nb6,-2.038195102,bridge|B_B|A,L1_o
O,Mn6Nb6,-2.396827263,hollow|A_B_B|FCC,L1_o
O,Mn6Ni6,0.700454083,hollow|A_A_B|HCP,L1_o
O,Mn6Ni6,0.693961855,hollow|A_A_B|FCC,L1_o
O,Mn6Ni6,1.149198374,4fold|A_A_B_B,L1_o
O,Mn6Pd6,2.131035173,bridge|A_A|B,L1_o
O,Mn6Pd6,2.299471326,hollow|A_A_B|HCP,L1_o
O,Mn6Pt6,1.94565177,hollow|A_A_B|FCC,L1_o
O,Mn6Re6,-1.150416764,hollow|A_A_B|HCP,L1_o
O,Mn6Re6,-0.992419986,hollow|A_A_B|FCC,L1_o
O,Mn6Re6,-1.334331161,hollow|A_B_B|HCP,L1_o
O,Mn6Re6,-1.072895885,hollow|A_B_B|FCC,L1_o
O,Mn6Rh6,0.714624275,bridge|A_A|B,L1_o
O,Mn6Rh6,0.488192499,hollow|A_A_B|HCP,L1_o
O,Mn6Rh6,0.487777661,hollow|A_A_B|FCC,L1_o
O,Mn6Rh6,1.408094692,4fold|A_A_B_B,L1_o
O,Mn6Ru6,-0.618073115,bridge|A_A|B,L1_o
O,Mn6Ru6,-0.834910973,hollow|A_A_B|HCP,L1_o
O,Mn6Ru6,-0.415931989,hollow|A_B_B|FCC,L1_o
O,Mn6Ru6,-0.278413138,4fold|A_A_B_B,L1_o
O,Mn6Sc6,-2.626309979,hollow|A_B_B|FCC,L1_o
O,Mn6Sc6,-2.67289995,4fold|A_A_B_B,L1_o
O,Mn6Ta6,-1.726990069,bridge|A_A|B,L1_o
O,Mn6Ta6,-2.286560749,bridge|B_B|A,L1_o
O,Mn6Ta6,-2.528471857,hollow|A_B_B|HCP,L1_o
O,Mn6Ta6,-2.529402486,hollow|A_B_B|FCC,L1_o
O,Mn6Ti6,-2.245656053,bridge|B_B|A,L1_o
O,Mn6Ti6,-2.473879018,hollow|A_B_B|HCP,L1_o
O,Mn6Ti6,-2.474840396,hollow|A_B_B|FCC,L1_o
O,Mn6Ti6,-2.076724789,4fold|A_A_B_B,L1_o
O,Mn6V6,-2.354464989,bridge|A_A|B,L1_o
O,Mn6V6,-2.778221611,bridge|B_B|A,L1_o
O,Mn6W6,0.327886155,top|A,L1_o
O,Mn6W6,-1.086931245,top|B,L1_o
O,Mn6W6,-2.157893489,hollow|A_B_B|FCC,L1_o
O,Mn6W6,-1.466322291,4fold|A_A_B_B,L1_o
O,Mn6Y6,-2.133923254,bridge|B_B|A,L1_o
O,Mn6Y6,-2.706620433,hollow|A_B_B|FCC,L1_o
O,Mn6Y6,-2.746558989,4fold|A_A_B_B,L1_o
O,Mn6Zn6,-0.530276129,bridge|A_A|B,L1_o
O,Mn6Zn6,-0.663849737,hollow|A_A_B|HCP,L1_o
O,Mn6Zn6,-0.622831433,hollow|A_A_B|FCC,L1_o
O,Mn6Zn6,0.148365036,hollow|A_B_B|HCP,L1_o
O,Mn6Zn6,-0.05052324,hollow|A_B_B|FCC,L1_o
O,Mn6Zr6,-0.312909962,top|A,L1_o
O,Mn6Zr6,-0.22659586,top|B,L1_o
O,Mn6Zr6,-2.112977563,bridge|B_B|A,L1_o
O,Mn6Zr6,-2.562502277,hollow|A_B_B|FCC,L1_o
O,Mn6Zr6,-2.283911313,4fold|A_A_B_B,L1_o
O,Mo6Nb6,-0.87165845,top|B,L1_o
O,Mo6Nb6,-2.284669422,hollow|A_A_B|HCP,L1_o
O,Mo6Nb6,-2.126836049,hollow|A_A_B|FCC,L1_o
O,Mo6Nb6,-2.276391583,hollow|A_B_B|HCP,L1_o
O,Mo6Nb6,-2.271357341,hollow|A_B_B|FCC,L1_o
O,Mo6Ni6,-1.470152021,hollow|A_A_B|HCP,L1_o
O,Mo6Ni6,-1.174956126,hollow|A_A_B|FCC,L1_o
O,Mo6Ni6,-0.517179834,hollow|A_B_B|HCP,L1_o
O,Mo6Ni6,-0.53736415,hollow|A_B_B|FCC,L1_o
O,Mo6Os6,-1.338956688,hollow|A_A_B|HCP,L1_o
O,Mo6Os6,-1.11557109,hollow|A_A_B|FCC,L1_o
O,Mo6Os6,-1.068503016,hollow|A_B_B|HCP,L1_o
O,Mo6Os6,-0.530009321,hollow|A_B_B|FCC,L1_o
O,Mo6Pd6,-0.969871409,top|A,L1_o
O,Mo6Pd6,-1.519637828,hollow|A_A_B|HCP,L1_o
O,Mo6Pt6,-0.854814195,top|A,L1_o
O,Mo6Pt6,-1.234992602,hollow|A_A_B|HCP,L1_o
O,Mo6Re6,-0.636742573,top|A,L1_o
O,Mo6Re6,-0.602819093,top|B,L1_o
O,Mo6Re6,-1.643729629,hollow|A_A_B|HCP,L1_o
O,Mo6Re6,-1.435836697,hollow|A_A_B|FCC,L1_o
O,Mo6Re6,-1.608780552,hollow|A_B_B|HCP,L1_o
O,Mo6Re6,-1.271112449,hollow|A_B_B|FCC,L1_o
O,Mo6Rh6,-1.461350771,hollow|A_A_B|HCP,L1_o
O,Mo6Rh6,-1.16648944,hollow|A_A_B|FCC,L1_o
O,Mo6Rh6,-0.547926793,hollow|A_B_B|HCP,L1_o
O,Mo6Ru6,-1.460015781,hollow|A_A_B|HCP,L1_o
O,Mo6Ru6,-1.254676229,hollow|A_A_B|FCC,L1_o
O,Mo6Ru6,-1.093677627,hollow|A_B_B|HCP,L1_o
O,Mo6Ru6,-0.637922867,hollow|A_B_B|FCC,L1_o
O,Mo6Sc6,-1.776304172,bridge|A_A|B,L1_o
O,Mo6Sc6,-1.776304172,bridge|A_A|B,L1_o
O,Mo6Sc6,-1.776304172,bridge|A_A|B,L1_o
O,Mo6Sc6,-2.244728689,bridge|B_B|A,L1_o
O,Mo6Sc6,-2.244728689,bridge|B_B|A,L1_o
O,Mo6Sc6,-2.244728689,bridge|B_B|A,L1_o
O,Mo6Sc6,-2.316857088,hollow|A_A_B|HCP,L1_o
O,Mo6Sc6,-2.316857088,hollow|A_A_B|HCP,L1_o
O,Mo6Sc6,-2.316857088,hollow|A_A_B|HCP,L1_o
O,Mo6Sc6,-2.266779298,hollow|A_A_B|FCC,L1_o
O,Mo6Sc6,-2.266779298,hollow|A_A_B|FCC,L1_o
O,Mo6Sc6,-2.266779298,hollow|A_A_B|FCC,L1_o
O,Mo6Sc6,-2.712903269,hollow|A_B_B|HCP,L1_o
O,Mo6Sc6,-2.712903269,hollow|A_B_B|HCP,L1_o
O,Mo6Sc6,-2.712903269,hollow|A_B_B|HCP,L1_o
O,Mo6Sc6,-2.76353277,hollow|A_B_B|FCC,L1_o
O,Mo6Sc6,-2.76353277,hollow|A_B_B|FCC,L1_o
O,Mo6Sc6,-2.76353277,hollow|A_B_B|FCC,L1_o
O,Mo6Sn6,-0.489316873,bridge|A_A|B,L1_o
O,Mo6Ta6,-1.94273539,bridge|A_A|B,L1_o
O,Mo6Ta6,-2.384425947,bridge|B_B|A,L1_o
O,Mo6Ta6,-2.102805403,hollow|A_A_B|HCP,L1_o
O,Mo6Ta6,-2.385364468,hollow|A_B_B|HCP,L1_o
O,Mo6Tc6,-0.701824448,top|A,L1_o
O,Mo6Tc6,-0.216250092,top|B,L1_o
O,Mo6Tc6,-1.656761841,hollow|A_A_B|HCP,L1_o
O,Mo6Tc6,-1.403777878,hollow|A_A_B|FCC,L1_o
O,Mo6Tc6,-1.5559721,hollow|A_B_B|HCP,L1_o
O,Mo6Tc6,-1.213228938,hollow|A_B_B|FCC,L1_o
O,Mo6Ti6,-2.372684099,hollow|A_A_B|HCP,L1_o
O,Mo6Ti6,-2.332600778,hollow|A_A_B|FCC,L1_o
O,Mo6Ti6,-2.706748871,hollow|A_B_B|HCP,L1_o
O,Mo6Ti6,-2.760608091,hollow|A_B_B|FCC,L1_o
O,Mo6V6,-2.286860074,hollow|A_A_B|HCP,L1_o
O,Mo6V6,-2.30873449,hollow|A_A_B|FCC,L1_o
O,Mo6V6,-2.413542128,hollow|A_B_B|HCP,L1_o
O,Mo6V6,-2.336574865,hollow|A_B_B|FCC,L1_o
O,Mo6W6,-0.784653995,top|A,L1_o
O,Mo6W6,-1.128573098,top|B,L1_o
O,Mo6W6,-1.118668154,bridge|A_A|B,L1_o
O,Mo6W6,-2.070251881,hollow|A_A_B|HCP,L1_o
O,Mo6W6,-1.953190956,hollow|A_A_B|FCC,L1_o
O,Mo6W6,-2.107469707,hollow|A_B_B|HCP,L1_o
O,Mo6W6,-1.848046169,hollow|A_B_B|FCC,L1_o
O,Mo6Y6,-2.120782332,bridge|B_B|A,L1_o
O,Mo6Y6,-2.301794362,hollow|A_A_B|HCP,L1_o
O,Mo6Y6,-2.304665707,hollow|A_A_B|FCC,L1_o
O,Mo6Y6,-2.612075296,hollow|A_B_B|HCP,L1_o
O,Mo6Y6,-2.872876002,hollow|A_B_B|FCC,L1_o
O,Mo6Zn6,-0.777816727,top|A,L1_o
O,Mo6Zn6,-1.086197626,bridge|A_A|A,L1_o
O,Mo6Zn6,-0.992206649,hollow|A_A_B|HCP,L1_o
O,Mo6Zn6,-1.105494443,hollow|A_A_B|FCC,L1_o
O,Mo6Zr6,-2.213295867,bridge|A_A|B,L1_o
O,Mo6Zr6,-2.133736311,bridge|B_B|A,L1_o
O,Mo6Zr6,-2.243315602,hollow|A_A_B|HCP,L1_o
O,Mo6Zr6,-2.381109968,hollow|A_B_B|HCP,L1_o
O,Nb6Ni6,-1.894233003,hollow|A_A_B|HCP,L1_o
O,Nb6Ni6,-1.721535411,hollow|A_A_B|FCC,L1_o
O,Nb6Ni6,-0.982085239,hollow|A_B_B|FCC,L1_o
O,Nb6Os6,-0.799731415,top|A,L1_o
O,Nb6Os6,-2.135966012,hollow|A_A_B|FCC,L1_o
O,Nb6Os6,-0.525681623,hollow|A_B_B|HCP,L1_o
O,Nb6Os6,-0.391911004,4fold|A_A_B_B,L1_o
O,Nb6Pd6,-1.146809895,top|A,L1_o
O,Nb6Pd6,-1.949252244,hollow|A_A_B|HCP,L1_o
O,Nb6Pt6,-0.927348179,top|A,L1_o
O,Nb6Pt6,-1.705604234,hollow|A_A_B|HCP,L1_o
O,Nb6Re6,-0.367408513,top|A,L1_o
O,Nb6Re6,-0.409537178,top|B,L1_o
O,Nb6Re6,-1.907569847,bridge|A_A|B,L1_o
O,Nb6Re6,-1.178957968,bridge|B_B|A,L1_o
O,Nb6Re6,-2.155189902,hollow|A_A_B|HCP,L1_o
O,Nb6Re6,-1.263798029,hollow|A_B_B|HCP,L1_o
O,Nb6Rh6,-1.062598962,top|A,L1_o
O,Nb6Rh6,-1.900167806,hollow|A_A_B|HCP,L1_o
O,Nb6Rh6,-1.912593204,hollow|A_A_B|FCC,L1_o
O,Nb6Rh6,-0.844595368,hollow|A_B_B|HCP,L1_o
O,Nb6Ru6,-2.325847593,hollow|A_A_B|FCC,L1_o
O,Nb6Ru6,-0.805240904,hollow|A_B_B|HCP,L1_o
O,Nb6Ru6,-0.677122498,4fold|A_A_B_B,L1_o
O,Nb6Sc6,-2.774732704,hollow|A_A_B|HCP,L1_o
O,Nb6Sc6,-2.805203875,hollow|A_A_B|FCC,L1_o
O,Nb6Sc6,-3.144002203,hollow|A_B_B|HCP,L1_o
O,Nb6Sc6,-3.25582031,hollow|A_B_B|FCC,L1_o
O,Nb6Ta6,-2.679903344,hollow|A_A_B|HCP,L1_o
O,Nb6Ta6,-2.713959343,hollow|A_A_B|FCC,L1_o
O,Nb6Ta6,-2.736375401,hollow|A_B_B|HCP,L1_o
O,Nb6Ta6,-2.829773578,hollow|A_B_B|FCC,L1_o
O,Nb6Tc6,-0.620399552,top|A,L1_o
O,Nb6Tc6,0.158089161,top|B,L1_o
O,Nb6Tc6,-2.125530854,bridge|B_B|A,L1_o
O,Nb6Tc6,-2.236700922,hollow|A_A_B|HCP,L1_o
O,Nb6Tc6,-1.233764417,hollow|A_B_B|HCP,L1_o
O,Nb6Tc6,-1.18907312,4fold|A_A_B_B,L1_o
O,Nb6Ti6,-2.768691913,hollow|A_A_B|HCP,L1_o
O,Nb6Ti6,-2.831701641,hollow|A_A_B|FCC,L1_o
O,Nb6Ti6,-3.065540491,hollow|A_B_B|HCP,L1_o
O,Nb6Ti6,-3.224155103,hollow|A_B_B|FCC,L1_o
O,Nb6V6,-2.577521056,hollow|A_A_B|HCP,L1_o
O,Nb6V6,-2.680528389,hollow|A_A_B|FCC,L1_o
O,Nb6V6,-2.657302793,hollow|A_B_B|HCP,L1_o
O,Nb6V6,-2.731684567,hollow|A_B_B|FCC,L1_o
O,Nb6W6,-0.734842197,top|A,L1_o
O,Nb6W6,-2.802555663,hollow|A_A_B|HCP,L1_o
O,Nb6W6,-2.332890579,hollow|A_A_B|FCC,L1_o
O,Nb6W6,-2.349967627,hollow|A_B_B|HCP,L1_o
O,Nb6W6,-2.200804073,hollow|A_B_B|FCC,L1_o
O,Nb6Y6,-1.060210755,top|A,L1_o
O,Nb6Y6,-2.752994754,hollow|A_A_B|HCP,L1_o
O,Nb6Y6,-2.854997034,hollow|A_A_B|FCC,L1_o
O,Nb6Y6,-2.935250208,hollow|A_B_B|HCP,L1_o
O,Nb6Y6,-3.019521279,hollow|A_B_B|FCC,L1_o
O,Nb6Zn6,-0.960511781,top|A,L1_o
O,Nb6Zn6,-1.740763791,hollow|A_A_B|HCP,L1_o
O,Nb6Zn6,-1.901000474,hollow|A_A_B|FCC,L1_o
O,Nb6Zn6,-0.749946556,hollow|A_B_B|FCC,L1_o
O,Nb6Zr6,-2.653867764,hollow|A_A_B|HCP,L1_o
O,Nb6Zr6,-2.772101363,hollow|A_A_B|FCC,L1_o
O,Nb6Zr6,-2.875536459,hollow|A_B_B|HCP,L1_o
O,Nb6Zr6,-3.000117657,hollow|A_B_B|FCC,L1_o
O,Ni6Os6,-0.087886783,bridge|B_B|A,L1_o
O,Ni6Os6,0.315182656,hollow|A_A_B|HCP,L1_o
O,Ni6Os6,0.482948457,hollow|A_A_B|FCC,L1_o
O,Ni6Os6,-0.235809227,hollow|A_B_B|HCP,L1_o
O,Ni6Os6,-0.314245632,hollow|A_B_B|FCC,L1_o
O,Ni6Pd6,1.050546087,hollow|A_B_B|HCP,L1_o
O,Ni6Pt6,0.949104089,hollow|A_A_B|HCP,L1_o
O,Ni6Pt6,0.634917914,hollow|A_A_B|FCC,L1_o
O,Ni6Pt6,1.137232577,hollow|A_B_B|HCP,L1_o
O,Ni6Pt6,1.128700447,hollow|A_B_B|FCC,L1_o
O,Ni6Re6,-0.546689491,top|B,L1_o
O,Ni6Re6,-0.546689491,top|B,L1_o
O,Ni6Re6,-0.546689491,top|B,L1_o
O,Ni6Re6,-1.068558663,hollow|A_A_B|HCP,L1_o
O,Ni6Re6,-1.068558663,hollow|A_A_B|HCP,L1_o
O,Ni6Re6,-1.068558663,hollow|A_A_B|HCP,L1_o
O,Ni6Re6,-0.059729124,hollow|A_A_B|FCC,L1_o
O,Ni6Re6,-0.059729124,hollow|A_A_B|FCC,L1_o
O,Ni6Re6,-0.059729124,hollow|A_A_B|FCC,L1_o
O,Ni6Re6,-1.068451858,hollow|A_B_B|HCP,L1_o
O,Ni6Re6,-1.068451858,hollow|A_B_B|HCP,L1_o
O,Ni6Re6,-1.068451858,hollow|A_B_B|HCP,L1_o
O,Ni6Re6,-0.895436029,hollow|A_B_B|FCC,L1_o
O,Ni6Re6,-0.895436029,hollow|A_B_B|FCC,L1_o
O,Ni6Re6,-0.895436029,hollow|A_B_B|FCC,L1_o
O,Ni6Rh6,0.481918914,hollow|A_A_B|HCP,L1_o
O,Ni6Rh6,0.481918914,hollow|A_A_B|HCP,L1_o
O,Ni6Rh6,0.481918914,hollow|A_A_B|HCP,L1_o
O,Ni6Rh6,0.484000585,hollow|A_A_B|FCC,L1_o
O,Ni6Rh6,0.484000585,hollow|A_A_B|FCC,L1_o
O,Ni6Rh6,0.484000585,hollow|A_A_B|FCC,L1_o
O,Ni6Rh6,0.401485737,hollow|A_B_B|HCP,L1_o
O,Ni6Rh6,0.401485737,hollow|A_B_B|HCP,L1_o
O,Ni6Rh6,0.401485737,hollow|A_B_B|HCP,L1_o
O,Ni6Rh6,0.363732119,hollow|A_B_B|FCC,L1_o
O,Ni6Rh6,0.363732119,hollow|A_B_B|FCC,L1_o
O,Ni6Rh6,0.363732119,hollow|A_B_B|FCC,L1_o
O,Ni6Ru6,0.236160934,hollow|A_A_B|HCP,L1_o
O,Ni6Ru6,0.236160934,hollow|A_A_B|HCP,L1_o
O,Ni6Ru6,0.236160934,hollow|A_A_B|HCP,L1_o
O,Ni6Ru6,0.379307235,hollow|A_A_B|FCC,L1_o
O,Ni6Ru6,0.379307235,hollow|A_A_B|FCC,L1_o
O,Ni6Ru6,0.379307235,hollow|A_A_B|FCC,L1_o
O,Ni6Ru6,-0.21068414,hollow|A_B_B|HCP,L1_o
O,Ni6Ru6,-0.21068414,hollow|A_B_B|HCP,L1_o
O,Ni6Ru6,-0.21068414,hollow|A_B_B|HCP,L1_o
O,Ni6Ru6,-0.236594955,hollow|A_B_B|FCC,L1_o
O,Ni6Ru6,-0.236594955,hollow|A_B_B|FCC,L1_o
O,Ni6Ru6,-0.236594955,hollow|A_B_B|FCC,L1_o
O,Ni6Ta6,-0.834114767,hollow|A_A_B|HCP,L1_o
O,Ni6Ta6,-1.061125873,hollow|A_A_B|FCC,L1_o
O,Ni6Ta6,-2.1443029,hollow|A_B_B|HCP,L1_o
O,Ni6Ta6,-2.003047926,hollow|A_B_B|FCC,L1_o
O,Ni6Ti6,-2.481973316,bridge|B_B|A,L1_o
O,Ni6Ti6,-2.557983691,hollow|A_A_B|FCC,L1_o
O,Ni6Ti6,-2.561013134,hollow|A_B_B|HCP,L1_o
O,Ni6Ti6,-1.771091423,4fold|A_A_B_B,L1_o
O,Ni6V6,-1.748645977,bridge|B_B|A,L1_o
O,Ni6V6,-0.983488258,hollow|A_A_B|HCP,L1_o
O,Ni6V6,-1.116305526,hollow|A_A_B|FCC,L1_o
O,Ni6V6,-1.956337953,hollow|A_B_B|HCP,L1_o
O,Ni6V6,-1.864130138,hollow|A_B_B|FCC,L1_o
O,Ni6W6,-0.578669126,hollow|A_A_B|HCP,L1_o
O,Ni6W6,-1.578433329,hollow|A_B_B|HCP,L1_o
O,Ni6W6,-1.353444709,hollow|A_B_B|FCC,L1_o
O,Ni6Y6,-1.993290196,bridge|B_B|A,L1_o
O,Ni6Y6,-2.217705063,hollow|A_B_B|FCC,L1_o
O,Ni6Y6,-2.115287537,4fold|A_A_B_B,L1_o
O,Ni6Zn6,0.467551984,hollow|A_A_B|HCP,L1_o
O,Ni6Zn6,0.530487289,hollow|A_A_B|FCC,L1_o
O,Ni6Zn6,0.818931768,hollow|A_B_B|HCP,L1_o
O,Ni6Zn6,0.63958521,hollow|A_B_B|FCC,L1_o
O,Ni6Zr6,-2.648103713,bridge|B_B|A,L1_o
O,Ni6Zr6,-2.639242598,hollow|A_B_B|HCP,L1_o
O,Ni6Zr6,-1.950415395,4fold|A_A_B_B,L1_o
O,Os6Pd6,-0.179407511,bridge|A_A|B,L1_o
O,Os6Pd6,-0.179967657,hollow|A_A_B|HCP,L1_o
O,Os6Pd6,-0.211758309,hollow|A_A_B|FCC,L1_o
O,Os6Pt6,0.529135428,top|A,L1_o
O,Os6Pt6,0.22335825,bridge|A_A|B,L1_o
O,Os6Pt6,0.170769938,hollow|A_A_B|HCP,L1_o
O,Os6Pt6,0.140297541,hollow|A_A_B|FCC,L1_o
O,Os6Pt6,1.065293569,hollow|A_B_B|FCC,L1_o
O,Os6Re6,-0.641149048,hollow|A_A_B|HCP,L1_o
O,Os6Re6,-0.00939024,hollow|A_A_B|FCC,L1_o
O,Os6Re6,-0.959206043,hollow|A_B_B|HCP,L1_o
O,Os6Re6,-0.498574186,hollow|A_B_B|FCC,L1_o
O,Os6Rh6,-0.016314449,bridge|A_A|B,L1_o
O,Os6Rh6,-0.222994298,hollow|A_A_B|HCP,L1_o
O,Os6Rh6,-0.098295954,hollow|A_A_B|FCC,L1_o
O,Os6Rh6,0.567441029,hollow|A_B_B|HCP,L1_o
O,Os6Rh6,0.645319601,hollow|A_B_B|FCC,L1_o
O,Os6Ru6,-0.412319269,hollow|A_A_B|HCP,L1_o
O,Os6Ru6,0.054769577,hollow|A_A_B|FCC,L1_o
O,Os6Ru6,-0.129016518,hollow|A_B_B|HCP,L1_o
O,Os6Ru6,0.222749123,hollow|A_B_B|FCC,L1_o
O,Os6Sc6,-1.253203957,bridge|A_A|B,L1_o
O,Os6Sc6,-1.412802397,bridge|B_B|A,L1_o
O,Os6Sc6,-1.259854419,hollow|A_A_B|HCP,L1_o
O,Os6Sc6,-1.731124023,hollow|A_B_B|HCP,L1_o
O,Os6Ta6,-0.467796887,hollow|A_A_B|HCP,L1_o
O,Os6Ta6,-2.22897493,hollow|A_B_B|FCC,L1_o
O,Os6Ta6,-0.0073151,4fold|A_A_B_B,L1_o
O,Os6Tc6,-0.773482362,hollow|A_A_B|HCP,L1_o
O,Os6Tc6,-0.15351207,hollow|A_A_B|FCC,L1_o
O,Os6Tc6,-0.913344521,hollow|A_B_B|HCP,L1_o
O,Os6Tc6,-0.485609731,hollow|A_B_B|FCC,L1_o
O,Os6Ti6,-1.922754751,bridge|B_B|A,L1_o
O,Os6Ti6,-0.875880432,hollow|A_A_B|HCP,L1_o
O,Os6Ti6,-2.068328308,hollow|A_B_B|HCP,L1_o
O,Os6Ti6,-0.89480731,4fold|A_A_B_B,L1_o
O,Os6V6,-0.766491349,hollow|A_A_B|FCC,L1_o
O,Os6V6,-1.907944003,hollow|A_B_B|HCP,L1_o
O,Os6W6,-1.021166228,hollow|A_A_B|HCP,L1_o
O,Os6W6,-0.517528684,hollow|A_A_B|FCC,L1_o
O,Os6W6,-1.417366698,hollow|A_B_B|HCP,L1_o
O,Os6W6,-1.225508347,hollow|A_B_B|FCC,L1_o
O,Os6Y6,-1.235254784,bridge|A_A|B,L1_o
O,Os6Y6,-1.001222053,bridge|B_B|A,L1_o
O,Os6Y6,-1.660538645,hollow|A_B_B|FCC,L1_o
O,Os6Zn6,0.290630233,hollow|A_A_B|HCP,L1_o
O,Os6Zn6,0.04790605,hollow|A_A_B|FCC,L1_o
O,Os6Zn6,0.611526872,hollow|A_B_B|HCP,L1_o
O,Os6Zn6,0.9193181,hollow|A_B_B|FCC,L1_o
O,Os6Zr6,0.468323427,top|A,L1_o
O,Os6Zr6,0.329454891,top|B,L1_o
O,Os6Zr6,-1.848555158,bridge|B_B|A,L1_o
O,Os6Zr6,-0.723272188,hollow|A_A_B|HCP,L1_o
O,Os6Zr6,-2.145992046,hollow|A_B_B|FCC,L1_o
O,Os6Zr6,-1.027876964,4fold|A_A_B_B,L1_o
O,Pd6Pt6,2.188560991,top|B,L1_o
O,Pd6Pt6,1.662506845,hollow|A_A_B|HCP,L1_o
O,Pd6Pt6,1.327520423,hollow|A_A_B|FCC,L1_o
O,Pd6Pt6,1.421541197,hollow|A_B_B|HCP,L1_o
O,Pd6Pt6,1.272994797,hollow|A_B_B|FCC,L1_o
O,Pd6Re6,-0.602952973,top|B,L1_o
O,Pd6Re6,-1.078446463,hollow|A_A_B|HCP,L1_o
O,Pd6Re6,-1.078489457,hollow|A_B_B|HCP,L1_o
O,Pd6Rh6,1.145140749,hollow|A_A_B|HCP,L1_o
O,Pd6Rh6,1.120118249,hollow|A_A_B|FCC,L1_o
O,Pd6Rh6,0.653795403,hollow|A_B_B|HCP,L1_o
O,Pd6Rh6,0.568408121,hollow|A_B_B|FCC,L1_o
O,Pd6Ru6,0.002086161,bridge|B_B|A,L1_o
O,Pd6Ru6,0.759330129,hollow|A_A_B|HCP,L1_o
O,Pd6Ru6,0.891677729,hollow|A_A_B|FCC,L1_o
O,Pd6Ru6,-0.060518526,hollow|A_B_B|HCP,L1_o
O,Pd6Ru6,-0.06315286,hollow|A_B_B|FCC,L1_o
O,Pd6Ru6,0.718569653,hollow-tilt|A_A_B|HCP,L1_o
O,Pd6Sc6,-2.406822005,bridge|B_B|A,L1_o
O,Pd6Sc6,-0.402155137,hollow|A_A_B|HCP,L1_o
O,Pd6Sc6,-0.895976991,4fold|A_A_B_B,L1_o
O,Pd6Ta6,-1.240664271,top|B,L1_o
O,Pd6Ta6,-2.213661044,bridge|B_B|A,L1_o
O,Pd6Tc6,-0.180207254,top|B,L1_o
O,Pd6Tc6,-0.859002979,hollow|A_B_B|HCP,L1_o
O,Pd6Ti6,-1.109407848,top|B,L1_o
O,Pd6Ti6,-1.111940139,top-tilt|B,L1_o
O,Pd6V6,-1.13431606,top|B,L1_o
O,Pd6V6,-1.983850975,bridge|B_B|A,L1_o
O,Pd6W6,-1.136373649,top|B,L1_o
O,Pd6W6,-1.661695537,hollow|A_A_B|HCP,L1_o
O,Pd6W6,-1.66183486,hollow|A_B_B|HCP,L1_o
O,Pd6Y6,-2.366908347,bridge|B_B|A,L1_o
O,Pd6Y6,-1.568557093,4fold|A_A_B_B,L1_o
O,Pd6Zn6,1.487436148,hollow|A_A_B|FCC,L1_o
O,Pd6Zn6,0.918149779,hollow|A_B_B|FCC,L1_o
O,Pd6Zr6,-1.148326386,top|B,L1_o
O,Pd6Zr6,-2.817946014,bridge|B_B|A,L1_o
O,Pt6Re6,-0.508573009,top|B,L1_o
O,Pt6Re6,-0.650947187,hollow|A_B_B|HCP,L1_o
O,Pt6Rh6,1.320820709,hollow|A_A_B|HCP,L1_o
O,Pt6Rh6,1.151625494,hollow|A_A_B|FCC,L1_o
O,Pt6Rh6,0.990014772,hollow|A_B_B|HCP,L1_o
O,Pt6Rh6,0.720528056,hollow|A_B_B|FCC,L1_o
O,Pt6Ru6,1.9439165,bridge|A_A|B,L1_o
O,Pt6Ru6,0.413129352,bridge|B_B|A,L1_o
O,Pt6Ru6,1.111999324,hollow|A_A_B|HCP,L1_o
O,Pt6Ru6,1.089159313,hollow|A_A_B|FCC,L1_o
O,Pt6Ru6,0.283627519,hollow|A_B_B|HCP,L1_o
O,Pt6Ru6,0.214804895,hollow|A_B_B|FCC,L1_o
O,Pt6Sc6,-1.913569821,bridge|B_B|A,L1_o
O,Pt6Sc6,0.21528885,hollow|A_A_B|HCP,L1_o
O,Pt6Sc6,-1.926026512,hollow|A_B_B|HCP,L1_o
O,Pt6Sc6,-0.310731826,4fold|A_A_B_B,L1_o
O,Pt6Ta6,-1.024528059,top|B,L1_o
O,Pt6Ta6,-1.946600359,hollow|A_B_B|HCP,L1_o
O,Pt6Tc6,-0.006540528,top|B,L1_o
O,Pt6Tc6,-0.452070339,hollow|A_B_B|HCP,L1_o
O,Pt6Tc6,-0.280935497,hollow|A_B_B|FCC,L1_o
O,Pt6V6,-0.875794444,top|B,L1_o
O,Pt6V6,-1.624789554,hollow|A_B_B|HCP,L1_o
O,Pt6W6,-1.076886299,top|B,L1_o
O,Pt6W6,-1.399855221,hollow|A_B_B|HCP,L1_o
O,Pt6Y6,-1.907761551,bridge|B_B|A,L1_o
O,Pt6Y6,-0.920024372,4fold|A_A_B_B,L1_o
O,Pt6Zn6,1.478088085,hollow|A_A_B|HCP,L1_o
O,Pt6Zn6,1.660256055,hollow|A_A_B|FCC,L1_o
O,Pt6Zn6,1.023988185,hollow|A_B_B|FCC,L1_o
O,Pt6Zr6,-1.149580694,top|B,L1_o
O,Pt6Zr6,-2.558963845,bridge|B_B|A,L1_o
O,Re6Rh6,-0.530262931,top|A,L1_o
O,Re6Rh6,-1.071370823,hollow|A_A_B|HCP,L1_o
O,Re6Rh6,-0.730291501,hollow|A_A_B|FCC,L1_o
O,Re6Ru6,-1.179164231,hollow|A_A_B|HCP,L1_o
O,Re6Ru6,-0.723842403,hollow|A_A_B|FCC,L1_o
O,Re6Ru6,-0.735125467,hollow|A_B_B|HCP,L1_o
O,Re6Ru6,-0.230333752,hollow|A_B_B|FCC,L1_o
O,Re6Sc6,-2.169684454,bridge|B_B|A,L1_o
O,Re6Sc6,-1.751254868,hollow|A_A_B|HCP,L1_o
O,Re6Sc6,-1.73188839,hollow|A_A_B|FCC,L1_o
O,Re6Sc6,-2.243814114,hollow|A_B_B|HCP,L1_o
O,Re6Sc6,-2.303640927,hollow|A_B_B|FCC,L1_o
O,Re6Ta6,-1.272072467,hollow|A_A_B|HCP,L1_o
O,Re6Ta6,-2.205710558,hollow|A_B_B|HCP,L1_o
O,Re6Tc6,-0.408230487,top|A,L1_o
O,Re6Tc6,-1.34952246,hollow|A_A_B|HCP,L1_o
O,Re6Tc6,-0.835093969,hollow|A_A_B|FCC,L1_o
O,Re6Tc6,-1.255481822,hollow|A_B_B|HCP,L1_o
O,Re6Tc6,-0.782332592,hollow|A_B_B|FCC,L1_o
O,Re6Ti6,-1.902555333,hollow|A_A_B|HCP,L1_o
O,Re6Ti6,-2.194034017,hollow|A_B_B|HCP,L1_o
O,Re6V6,-1.911870198,bridge|A_A|B,L1_o
O,Re6V6,-1.281608832,bridge|B_B|A,L1_o
O,Re6V6,-1.503752094,hollow|A_A_B|HCP,L1_o
O,Re6V6,-1.993091689,hollow|A_B_B|HCP,L1_o
O,Re6W6,-1.625644944,hollow|A_A_B|HCP,L1_o
O,Re6W6,-1.312389805,hollow|A_A_B|FCC,L1_o
O,Re6W6,-1.750807377,hollow|A_B_B|HCP,L1_o
O,Re6W6,-1.555134261,hollow|A_B_B|FCC,L1_o
O,Re6Y6,-0.192143119,bridge|A_A|B,L1_o
O,Re6Zn6,-0.417724539,hollow|A_A_B|HCP,L1_o
O,Re6Zn6,-0.595362494,hollow|A_A_B|FCC,L1_o
O,Re6Zr6,-1.856288497,bridge|A_A|B,L1_o
O,Re6Zr6,-1.857277903,bridge|B_B|A,L1_o
O,Re6Zr6,-2.229470041,hollow|A_A_B|HCP,L1_o
O,Re6Zr6,-2.229919982,hollow|A_B_B|HCP,L1_o
O,Rh6Ru6,0.445160281,hollow|A_A_B|HCP,L1_o
O,Rh6Ru6,0.607068287,hollow|A_A_B|FCC,L1_o
O,Rh6Ru6,-0.140506525,hollow|A_B_B|HCP,L1_o
O,Rh6Ru6,0.023804383,hollow|A_B_B|FCC,L1_o
O,Rh6Sc6,-1.765905886,bridge|B_B|A,L1_o
O,Rh6Sc6,-1.929650252,hollow|A_B_B|HCP,L1_o
O,Rh6Sc6,-1.930681427,hollow|A_B_B|FCC,L1_o
O,Rh6Sc6,-0.884515284,4fold|A_A_B_B,L1_o
O,Rh6Ta6,-1.216963428,top|A,L1_o
O,Rh6Ta6,-1.216893495,top|B,L1_o
O,Rh6Ta6,-2.207653314,bridge|B_B|A,L1_o
O,Rh6Ta6,-0.884983592,hollow|A_A_B|HCP,L1_o
O,Rh6Ta6,-2.239051034,hollow|A_A_B|FCC,L1_o
O,Rh6Ta6,-2.237832508,hollow|A_B_B|FCC,L1_o
O,Rh6Tc6,-0.102463922,top|B,L1_o
O,Rh6Tc6,-0.016890106,hollow|A_A_B|HCP,L1_o
O,Rh6Tc6,-0.907115019,hollow|A_B_B|HCP,L1_o
O,Rh6Tc6,-0.579517305,hollow|A_B_B|FCC,L1_o
O,Rh6Ti6,-0.827292601,top|B,L1_o
O,Rh6Ti6,-2.399599151,hollow|A_B_B|HCP,L1_o
O,Rh6V6,-0.990594239,top|B,L1_o
O,Rh6V6,-0.94466877,hollow|A_A_B|HCP,L1_o
O,Rh6V6,-1.889752241,hollow|A_B_B|HCP,L1_o
O,Rh6V6,-1.951288608,hollow|A_B_B|FCC,L1_o
O,Rh6W6,-1.014779989,top|B,L1_o
O,Rh6W6,-0.599930196,hollow|A_A_B|HCP,L1_o
O,Rh6W6,-1.593312649,hollow|A_B_B|HCP,L1_o
O,Rh6W6,-1.356924501,hollow|A_B_B|FCC,L1_o
O,Rh6Y6,-1.888267996,hollow|A_B_B|FCC,L1_o
O,Rh6Y6,-1.451988695,4fold|A_A_B_B,L1_o
O,Rh6Zn6,1.849050133,top|A,L1_o
O,Rh6Zn6,2.863008882,top|B,L1_o
O,Rh6Zn6,0.993629396,bridge|A_A|B,L1_o
O,Rh6Zn6,0.741982056,hollow|A_A_B|FCC,L1_o
O,Rh6Zn6,0.926462313,hollow|A_B_B|HCP,L1_o
O,Rh6Zn6,0.928770383,4fold|A_A_B_B,L1_o
O,Rh6Zr6,-2.562427446,hollow|A_B_B|HCP,L1_o
O,Rh6Zr6,-2.559824405,hollow|A_B_B|FCC,L1_o
O,Rh6Zr6,-0.857724725,4fold|A_A_B_B,L1_o
O,Ru6Sc6,-1.581256646,bridge|B_B|A,L1_o
O,Ru6Sc6,-1.145579532,hollow|A_A_B|HCP,L1_o
O,Ru6Sc6,-1.740554808,hollow|A_B_B|HCP,L1_o
O,Ru6Sc6,-1.384347725,4fold|A_A_B_B,L1_o
O,Ru6Ta6,-1.143619088,top|B,L1_o
O,Ru6Ta6,-0.819359122,hollow|A_A_B|FCC,L1_o
O,Ru6Ta6,-2.460387205,hollow|A_B_B|HCP,L1_o
O,Ru6Tc6,-0.797750562,hollow|A_A_B|HCP,L1_o
O,Ru6Tc6,-0.265324734,hollow|A_A_B|FCC,L1_o
O,Ru6Tc6,-1.080539563,hollow|A_B_B|HCP,L1_o
O,Ru6Tc6,-0.653871459,hollow|A_B_B|FCC,L1_o
O,Ru6Ti6,-2.14153972,bridge|B_B|A,L1_o
O,Ru6Ti6,-0.97770856,hollow|A_A_B|FCC,L1_o
O,Ru6Ti6,-2.207210041,hollow|A_B_B|HCP,L1_o
O,Ru6Ti6,-0.899815157,4fold|A_A_B_B,L1_o
O,Ru6V6,-2.027972737,bridge|B_B|A,L1_o
O,Ru6V6,-0.997842263,hollow|A_A_B|FCC,L1_o
O,Ru6V6,-2.131893828,hollow|A_B_B|HCP,L1_o
O,Ru6V6,-0.745206877,4fold|A_A_B_B,L1_o
O,Ru6W6,-1.098061926,hollow|A_A_B|HCP,L1_o
O,Ru6W6,-0.720073626,hollow|A_A_B|FCC,L1_o
O,Ru6W6,-1.581612162,hollow|A_B_B|HCP,L1_o
O,Ru6W6,-1.436330176,hollow|A_B_B|FCC,L1_o
O,Ru6Y6,-1.294555464,bridge|B_B|A,L1_o
O,Ru6Y6,-1.680161182,hollow|A_B_B|FCC,L1_o
O,Ru6Zn6,0.006978087,bridge|A_A|B,L1_o
O,Ru6Zn6,-0.12866794,hollow|A_A_B|HCP,L1_o
O,Ru6Zn6,-0.134679887,hollow|A_A_B|FCC,L1_o
O,Ru6Zn6,0.519628858,4fold|A_A_B_B,L1_o
O,Ru6Zr6,-2.144494876,bridge|B_B|A,L1_o
O,Ru6Zr6,-0.785202305,hollow|A_A_B|HCP,L1_o
O,Ru6Zr6,-2.303287043,hollow|A_B_B|HCP,L1_o
O,Ru6Zr6,-1.040790534,4fold|A_A_B_B,L1_o
O,Sc6Ta6,-3.217354162,hollow|A_A_B|HCP,L1_o
O,Sc6Ta6,-3.363343917,hollow|A_A_B|FCC,L1_o
O,Sc6Ta6,-2.974183168,hollow|A_B_B|HCP,L1_o
O,Sc6Ta6,-3.016796875,hollow|A_B_B|FCC,L1_o
O,Sc6Tc6,-1.92354497,bridge|B_B|A,L1_o
O,Sc6Tc6,-1.90676575,hollow|A_B_B|HCP,L1_o
O,Sc6Tc6,-1.987392128,4fold|A_A_B_B,L1_o
O,Sc6Ti6,-3.472570548,hollow|A_A_B|HCP,L1_o
O,Sc6Ti6,-3.529919219,hollow|A_A_B|FCC,L1_o
O,Sc6Ti6,-3.511154657,hollow|A_B_B|HCP,L1_o
O,Sc6Ti6,-3.539837089,hollow|A_B_B|FCC,L1_o
O,Sc6V6,-3.169286613,hollow|A_A_B|HCP,L1_o
O,Sc6V6,-3.192500236,hollow|A_A_B|FCC,L1_o
O,Sc6V6,-3.049899524,hollow|A_B_B|HCP,L1_o
O,Sc6V6,-3.061108165,hollow|A_B_B|FCC,L1_o
O,Sc6W6,-2.709504295,hollow|A_A_B|HCP,L1_o
O,Sc6W6,-2.832789824,hollow|A_A_B|FCC,L1_o
O,Sc6W6,-2.434585916,hollow|A_B_B|HCP,L1_o
O,Sc6W6,-2.412205913,hollow|A_B_B|FCC,L1_o
O,Sc6Y6,-2.722326163,bridge|A_A|B,L1_o
O,Sc6Y6,-3.724476805,hollow|A_A_B|HCP,L1_o
O,Sc6Y6,-3.675933873,hollow|A_A_B|FCC,L1_o
O,Sc6Y6,-3.685153226,hollow|A_B_B|HCP,L1_o
O,Sc6Y6,-3.625250493,hollow|A_B_B|FCC,L1_o
O,Sc6Zn6,-2.704870741,bridge|B_B|A,L1_o
O,Sc6Zn6,-2.708237878,hollow|A_A_B|HCP,L1_o
O,Sc6Zn6,-2.710444857,hollow|A_B_B|HCP,L1_o
O,Sc6Zn6,-2.028591932,4fold|A_A_B_B,L1_o
O,Sc6Zr6,-3.387287758,hollow|A_A_B|HCP,L1_o
O,Sc6Zr6,-3.538077601,hollow|A_A_B|FCC,L1_o
O,Sc6Zr6,-3.338599925,hollow|A_B_B|HCP,L1_o
O,Sc6Zr6,-3.464401282,hollow|A_B_B|FCC,L1_o
O,Ta6Tc6,-2.28129521,bridge|A_A|B,L1_o
O,Ta6Tc6,-2.321689966,hollow|A_A_B|HCP,L1_o
O,Ta6Tc6,-1.274756325,hollow|A_B_B|HCP,L1_o
O,Ta6Tc6,-1.037121079,4fold|A_A_B_B,L1_o
O,Ta6Ti6,-2.912800816,hollow|A_A_B|HCP,L1_o
O,Ta6Ti6,-3.103085534,hollow|A_A_B|FCC,L1_o
O,Ta6Ti6,-3.134557948,hollow|A_B_B|HCP,L1_o
O,Ta6Ti6,-3.355785139,hollow|A_B_B|FCC,L1_o
O,Ta6V6,-2.519404343,bridge|A_A|B,L1_o
O,Ta6V6,-2.51125399,bridge|B_B|A,L1_o
O,Ta6V6,-2.71239741,hollow|A_A_B|HCP,L1_o
O,Ta6V6,-2.582199782,hollow|A_B_B|HCP,L1_o
O,Ta6W6,-1.547708139,bridge|B_B|A,L1_o
O,Ta6W6,-2.446701512,hollow|A_A_B|HCP,L1_o
O,Ta6W6,-2.498709814,hollow|A_A_B|FCC,L1_o
O,Ta6W6,-2.370076568,hollow|A_B_B|HCP,L1_o
O,Ta6W6,-2.276078652,hollow|A_B_B|FCC,L1_o
O,Ta6Y6,-1.916624571,bridge|B_B|A,L1_o
O,Ta6Y6,-2.996965083,hollow|A_A_B|HCP,L1_o
O,Ta6Y6,-3.098235241,hollow|A_A_B|FCC,L1_o
O,Ta6Y6,-3.044131118,hollow|A_B_B|HCP,L1_o
O,Ta6Y6,-3.164533193,hollow|A_B_B|FCC,L1_o
O,Ta6Zn6,-2.202946017,bridge|A_A|B,L1_o
O,Ta6Zn6,0.158300865,bridge|A_B|B,L1_o
O,Ta6Zn6,-1.972866828,hollow|A_A_B|HCP,L1_o
O,Ta6Zn6,-0.874203122,hollow|A_B_B|FCC,L1_o
O,Ta6Zn6,-1.123834643,top-tilt|A,L1_o
O,Ta6Zn6,-1.122610948,top-tilt|B,L1_o
O,Ta6Zr6,-2.823135633,hollow|A_A_B|HCP,L1_o
O,Ta6Zr6,-3.039326268,hollow|A_A_B|FCC,L1_o
O,Ta6Zr6,-2.964370743,hollow|A_B_B|HCP,L1_o
O,Ta6Zr6,-3.126384057,hollow|A_B_B|FCC,L1_o
O,Tc6Ti6,-1.602109546,bridge|A_A|B,L1_o
O,Tc6Ti6,-2.206051516,bridge|B_B|A,L1_o
O,Tc6Ti6,-1.780583434,hollow|A_A_B|HCP,L1_o
O,Tc6Ti6,-2.205813281,hollow|A_B_B|HCP,L1_o
O,Tc6V6,0.016171998,top|A,L1_o
O,Tc6V6,-0.655553802,top|B,L1_o
O,Tc6V6,-1.056467965,bridge|A_A|B,L1_o
O,Tc6V6,-2.071169448,bridge|B_B|A,L1_o
O,Tc6V6,-1.44869462,hollow|A_A_B|HCP,L1_o
O,Tc6V6,-2.088845147,hollow|A_B_B|HCP,L1_o
O,Tc6W6,-1.283977719,top|B,L1_o
O,Tc6W6,-1.747451125,bridge|B_B|A,L1_o
O,Tc6W6,-1.088696311,hollow|A_A_B|FCC,L1_o
O,Tc6W6,-1.88927332,hollow|A_B_B|HCP,L1_o
O,Tc6W6,-0.743501403,4fold|A_A_B_B,L1_o
O,Tc6Y6,-0.943144932,top|A,L1_o
O,Tc6Y6,-1.912664906,bridge|A_A|B,L1_o
O,Tc6Y6,-1.741324618,hollow|A_A_B|FCC,L1_o
O,Tc6Zn6,0.051425978,top|A,L1_o
O,Tc6Zn6,-0.192943814,hollow|A_A_B|HCP,L1_o
O,Tc6Zn6,-0.395771347,hollow|A_A_B|FCC,L1_o
O,Tc6Zn6,0.665282008,hollow|A_B_B|FCC,L1_o
O,Tc6Zn6,0.221765431,hollow-tilt|A_B_B|HCP,L1_o
O,Tc6Zr6,-0.462541824,top|A,L1_o
O,Tc6Zr6,0.204901312,top|B,L1_o
O,Tc6Zr6,-1.656127408,bridge|A_A|B,L1_o
O,Tc6Zr6,-2.074013446,bridge|B_B|A,L1_o
O,Tc6Zr6,-1.700765914,hollow|A_A_B|HCP,L1_o
O,Tc6Zr6,-2.22185167,hollow|A_B_B|HCP,L1_o
O,Ti6V6,-2.629794669,bridge|A_B|B,L1_o
O,Ti6V6,-3.053665443,hollow|A_A_B|HCP,L1_o
O,Ti6V6,-3.163671816,hollow|A_A_B|FCC,L1_o
O,Ti6V6,-2.875975787,hollow|A_B_B|HCP,L1_o
O,Ti6V6,-2.985457932,hollow|A_B_B|FCC,L1_o
O,Ti6W6,-2.756094674,hollow|A_A_B|HCP,L1_o
O,Ti6W6,-2.824138372,hollow|A_A_B|FCC,L1_o
O,Ti6W6,-2.431846954,hollow|A_B_B|HCP,L1_o
O,Ti6W6,-2.457622121,hollow|A_B_B|FCC,L1_o
O,Ti6Y6,-3.47983762,hollow|A_A_B|HCP,L1_o
O,Ti6Y6,-3.471255149,hollow|A_A_B|FCC,L1_o
O,Ti6Y6,-3.393847878,hollow|A_B_B|HCP,L1_o
O,Ti6Y6,-3.37854991,hollow|A_B_B|FCC,L1_o
O,Ti6Zn6,-2.607715216,bridge|A_A|B,L1_o
O,Ti6Zn6,-1.102456972,hollow|A_B_B|HCP,L1_o
O,Ti6Zn6,-1.189043596,hollow|A_B_B|FCC,L1_o
O,Ti6Zr6,-3.134630603,hollow|A_A_B|HCP,L1_o
O,Ti6Zr6,-3.38618937,hollow|A_A_B|FCC,L1_o
O,Ti6Zr6,-3.156539032,hollow|A_B_B|HCP,L1_o
O,Ti6Zr6,-3.359037715,hollow|A_B_B|FCC,L1_o
O,V6W6,-1.602649147,bridge|B_B|A,L1_o
O,V6W6,-2.455710657,hollow|A_A_B|HCP,L1_o
O,V6W6,-2.399009344,hollow|A_A_B|FCC,L1_o
O,V6W6,-2.345540471,hollow|A_B_B|HCP,L1_o
O,V6W6,-2.401240269,hollow|A_B_B|FCC,L1_o
O,V6Zn6,-1.961617914,bridge|A_A|A,L1_o
O,V6Zn6,-1.961156681,bridge|A_A|B,L1_o
O,V6Zn6,-1.774142091,hollow|A_A_B|HCP,L1_o
O,V6Zn6,-0.894837787,hollow|A_B_B|FCC,L1_o
O,V6Zn6,-0.987040296,hollow-tilt|A_B_B|HCP,L1_o
O,V6Zr6,-3.110507983,bridge|A_A|B,L1_o
O,V6Zr6,-2.328599888,bridge|B_B|A,L1_o
O,V6Zr6,-2.883247621,hollow|A_A_B|HCP,L1_o
O,V6Zr6,-2.949721358,hollow|A_B_B|FCC,L1_o
O,W6Y6,-1.92135595,bridge|B_B|A,L1_o
O,W6Y6,-2.453450888,hollow|A_A_B|HCP,L1_o
O,W6Y6,-2.453982462,hollow|A_A_B|FCC,L1_o
O,W6Zn6,-1.132670588,top|A,L1_o
O,W6Zn6,-1.390912335,bridge|A_A|B,L1_o
O,W6Zn6,-1.209960714,hollow|A_A_B|HCP,L1_o
O,W6Zn6,-1.393716468,hollow|A_A_B|FCC,L1_o
O,W6Zr6,-2.128635537,bridge|A_A|B,L1_o
O,W6Zr6,-2.301118431,hollow|A_A_B|HCP,L1_o
O,W6Zr6,-2.25538181,hollow|A_A_B|FCC,L1_o
O,W6Zr6,-2.480929215,hollow|A_B_B|HCP,L1_o
O,W6Zr6,-2.612119242,hollow|A_B_B|FCC,L1_o
O,Y6Zn6,-2.572140958,bridge|A_A|B,L1_o
O,Y6Zn6,-2.581060305,hollow|A_A_B|HCP,L1_o
O,Y6Zn6,-2.579967904,hollow|A_A_B|FCC,L1_o
O,Y6Zn6,-2.207258885,4fold|A_A_B_B,L1_o
O,Y6Zr6,-3.334945028,hollow|A_A_B|HCP,L1_o
O,Y6Zr6,-3.437227858,hollow|A_A_B|FCC,L1_o
O,Y6Zr6,-3.353975037,hollow|A_B_B|HCP,L1_o
O,Y6Zr6,-3.459214656,hollow|A_B_B|FCC,L1_o
O,Zn6Zr6,-2.66456143,bridge|B_B|A,L1_o
O,Zn6Zr6,-0.930099386,hollow|A_A_B|HCP,L1_o
O,Zn6Zr6,-1.736385752,4fold|A_A_B_B,L1_o
